timestamp,pid,pcpu,pmem,rss_kb,comm
2026-10-06T15:40:06+08:00,22858,86.5,3.1,512904,orb_slam3_mono
2026-10-06T15:40:11+08:00,22858,75.2,3.3,529640,orb_slam3_mono
2026-10-06T15:40:16+08:00,22858,74.3,3.3,529904,orb_slam3_mono
2026-10-06T15:40:21+08:00,22858,74.0,3.3,529600,orb_slam3_mono
2026-10-06T15:40:26+08:00,22858,72.8,3.3,530748,orb_slam3_mono
2026-10-06T15:40:31+08:00,22858,74.2,3.3,544624,orb_slam3_mono
2026-10-06T15:40:36+08:00,22858,75.4,3.4,552804,orb_slam3_mono
2026-10-06T15:40:41+08:00,22858,75.1,3.4,558084,orb_slam3_mono
2026-10-06T15:40:46+08:00,22858,74.6,3.5,564948,orb_slam3_mono
2026-10-06T15:40:51+08:00,22858,75.7,3.5,573660,orb_slam3_mono
2026-10-06T15:40:56+08:00,22858,78.2,3.6,581824,orb_slam3_mono
2026-10-06T15:41:01+08:00,22858,80.1,3.6,587824,orb_slam3_mono
2026-10-06T15:41:06+08:00,22858,83.0,3.6,591612,orb_slam3_mono
2026-10-06T15:41:11+08:00,22858,85.2,3.7,593656,orb_slam3_mono
2026-10-06T15:41:16+08:00,22858,86.8,3.7,596696,orb_slam3_mono
2026-10-06T15:41:21+08:00,22858,87.3,3.7,599428,orb_slam3_mono
2026-10-06T15:41:26+08:00,22858,86.4,3.7,600844,orb_slam3_mono
2026-10-06T15:41:31+08:00,22858,85.8,3.7,605064,orb_slam3_mono
2026-10-06T15:41:36+08:00,22858,86.6,3.7,607440,orb_slam3_mono
2026-10-06T15:41:41+08:00,22858,86.6,3.8,610976,orb_slam3_mono
2026-10-06T15:41:46+08:00,22858,86.1,3.8,613352,orb_slam3_mono
2026-10-06T15:41:51+08:00,22858,86.7,3.8,617444,orb_slam3_mono
2026-10-06T15:41:56+08:00,22858,86.6,3.8,619820,orb_slam3_mono
2026-10-06T15:42:01+08:00,22858,86.1,3.8,620320,orb_slam3_mono
2026-10-06T15:42:06+08:00,22858,85.7,3.8,621392,orb_slam3_mono
2026-10-06T15:42:11+08:00,22858,86.3,3.8,624476,orb_slam3_mono
2026-10-06T15:42:16+08:00,22858,86.7,3.9,626740,orb_slam3_mono
2026-10-06T15:42:21+08:00,22858,86.2,3.9,630068,orb_slam3_mono
2026-10-06T15:42:26+08:00,22858,86.3,3.9,631416,orb_slam3_mono
2026-10-06T15:42:31+08:00,22858,86.2,3.9,633928,orb_slam3_mono
2026-10-06T15:42:36+08:00,22858,86.3,3.9,639560,orb_slam3_mono
2026-10-06T15:42:41+08:00,22858,86.5,3.9,640572,orb_slam3_mono
2026-10-06T15:42:46+08:00,22858,86.4,4.0,643124,orb_slam3_mono
2026-10-06T15:42:52+08:00,22858,86.9,4.0,645312,orb_slam3_mono
2026-10-06T15:42:57+08:00,22858,87.0,4.0,650800,orb_slam3_mono
2026-10-06T15:43:02+08:00,22858,86.7,4.1,657980,orb_slam3_mono
2026-10-06T15:43:07+08:00,22858,87.0,4.1,663064,orb_slam3_mono
2026-10-06T15:43:12+08:00,22858,86.9,4.1,664540,orb_slam3_mono
2026-10-06T15:43:17+08:00,22858,86.4,4.1,664824,orb_slam3_mono
2026-10-06T15:43:22+08:00,22858,86.4,4.1,666436,orb_slam3_mono
2026-10-06T15:43:27+08:00,22858,86.3,4.1,668416,orb_slam3_mono
2026-10-06T15:43:32+08:00,22858,86.4,4.1,669712,orb_slam3_mono
2026-10-06T15:43:37+08:00,22858,86.7,4.1,670988,orb_slam3_mono
2026-10-06T15:43:42+08:00,22858,87.3,4.2,673348,orb_slam3_mono
2026-10-06T15:43:47+08:00,22858,87.9,4.2,676144,orb_slam3_mono
2026-10-06T15:43:52+08:00,22858,88.5,4.2,678152,orb_slam3_mono
2026-10-06T15:43:57+08:00,22858,88.8,4.2,686720,orb_slam3_mono
2026-10-06T15:44:02+08:00,22858,89.0,4.3,689652,orb_slam3_mono
2026-10-06T15:44:07+08:00,22858,88.1,4.3,689916,orb_slam3_mono
