time_stamp, total time, scan point size, incremental time, search time, delete size, delete time, tree size st, tree size end, add point size, preprocess time
1668742169.95694900,0.10662239,38524,0.01193521,0.00000000,0,0.00000000,5333,7001,2700,0.00000000
1668742170.15696859,0.11459313,38800,0.01053577,0.00000000,0,0.00000000,7001,6948,1869,0.01837791
1668742170.35824299,0.10189523,39091,0.00741113,0.00000000,0,0.00000000,6948,7306,1414,0.00816576
1668742170.75708675,0.10380802,38538,0.00600903,0.00000000,0,0.00000000,7306,7453,1020,0.00626279
1668742170.95698094,0.10548167,38760,0.00569914,0.00000000,0,0.00000000,7453,7481,932,0.00758028
1668742171.15832710,0.11149508,39050,0.00586829,0.00000000,0,0.00000000,7481,7574,819,0.00562519
1668742171.35835242,0.11032502,38839,0.00526240,0.00000000,0,0.00000000,7574,7599,745,0.00485922
1668742171.55697536,0.09847314,38545,0.00426994,0.00000000,0,0.00000000,7599,7591,650,0.00340020
1668742171.75705290,0.10083896,38918,0.00328641,0.00000000,0,0.00000000,7591,7678,486,0.00340071
1668742172.15842009,0.10211126,38853,0.00374468,0.00000000,0,0.00000000,7678,7716,553,0.00351735
1668742172.35701609,0.11046467,38602,0.00366107,0.00000000,0,0.00000000,7716,7783,452,0.00338286
1668742172.75843430,0.09214795,39104,0.00302522,0.00000000,0,0.00000000,7783,7922,482,0.00486191
1668742172.95835710,0.09789739,38790,0.00301216,0.00000000,0,0.00000000,7922,8024,444,0.00342289
1668742173.35713196,0.10189305,38824,0.00335764,0.00000000,0,0.00000000,8024,7932,454,0.00345959
1668742173.55850744,0.09360448,39063,0.00263686,0.00000000,0,0.00000000,7932,8027,411,0.00337806
1668742173.75846672,0.09652374,38828,0.00291802,0.00000000,0,0.00000000,8027,8039,391,0.00348007
1668742173.95719552,0.10440668,38597,0.00328308,0.00000000,0,0.00000000,8039,7920,353,0.00355988
1668742174.35852146,0.10023831,39137,0.00205650,0.00000000,0,0.00000000,7920,7954,277,0.00336445
1668742174.55847216,0.09312588,38856,0.00207750,0.00000000,0,0.00000000,7954,7917,255,0.00358295
1668742174.75721169,0.10308379,38637,0.00245196,0.00000000,0,0.00000000,7917,7930,297,0.00340865
1668742174.95721412,0.09382669,38904,0.00194169,0.00000000,0,0.00000000,7930,8015,283,0.00337934
1668742175.15854692,0.11276883,39142,0.00229980,0.00000000,0,0.00000000,8015,7977,283,0.00343511
1668742175.35866237,0.09388141,38916,0.00183852,0.00000000,0,0.00000000,7977,8066,250,0.00347678
1668742175.55722189,0.09244437,38673,0.00187641,0.00000000,0,0.00000000,8066,8073,262,0.00339527
1668742175.75722718,0.10029803,38905,0.00208857,0.00000000,0,0.00000000,8073,8143,268,0.00340365
1668742175.95857596,0.09304057,39172,0.00170719,0.00000000,0,0.00000000,8143,8191,233,0.00350263
1668742176.35861588,0.09525839,38818,0.00175618,0.00000000,0,0.00000000,8191,8166,216,0.00238067
1668742176.55738163,0.09354960,38594,0.00176965,0.00000000,0,0.00000000,8166,8179,235,0.00347617
1668742176.75862408,0.09395834,39130,0.00147070,0.00000000,0,0.00000000,8179,8161,173,0.00341271
1668742176.95861411,0.09642301,38838,0.00194687,0.00000000,0,0.00000000,8161,8099,238,0.00351611
1668742177.15862632,0.09477592,38858,0.00142098,0.00000000,0,0.00000000,8099,8127,182,0.00342676
1668742177.35740113,0.09608822,38572,0.00146789,0.00000000,0,0.00000000,8127,8179,193,0.00339335
1668742177.55863452,0.09879542,39102,0.00137880,0.00000000,0,0.00000000,8179,8261,197,0.00337082
1668742177.75866580,0.09702583,38831,0.00135957,0.00000000,0,0.00000000,8261,8351,177,0.00337991
1668742177.95870686,0.09555615,38856,0.00186645,0.00000000,0,0.00000000,8351,8271,211,0.00338554
1668742178.15863705,0.10109775,38843,0.00126366,0.00000000,0,0.00000000,8271,8314,152,0.00340302
1668742178.35872626,0.09416855,38852,0.00167723,0.00000000,0,0.00000000,8314,8235,175,0.00344666
1668742178.55867767,0.10756439,38858,0.00101745,0.00000000,0,0.00000000,8235,8302,141,0.00281568
1668742178.75873113,0.09068931,38890,0.00128837,0.00000000,0,0.00000000,8302,8319,160,0.00340577
1668742178.95875883,0.09466852,38841,0.00102955,0.00000000,0,0.00000000,8319,8351,142,0.00336430
1668742179.15869880,0.10571259,38835,0.00097479,0.00000000,0,0.00000000,8351,8350,119,0.00343690
1668742179.35879278,0.10015848,38889,0.00122270,0.00000000,0,0.00000000,8350,8349,146,0.00331492
1668742179.55876803,0.10637647,38863,0.00118085,0.00000000,0,0.00000000,8349,8311,136,0.00337566
1668742179.75874019,0.09138506,38889,0.00129486,0.00000000,0,0.00000000,8311,8310,157,0.00334481
1668742180.15877938,0.10737274,38900,0.00124881,0.00000000,0,0.00000000,8310,8342,169,0.00353546
1668742180.35888457,0.10172454,38923,0.00087399,0.00000000,0,0.00000000,8342,8406,115,0.00342826
1668742180.55879521,0.09782520,38846,0.00193900,0.00000000,0,0.00000000,8406,8295,164,0.00318887
1668742180.75882721,0.09426375,38892,0.00115332,0.00000000,0,0.00000000,8295,8381,158,0.00339229
1668742181.15886283,0.09870227,38856,0.00125563,0.00000000,0,0.00000000,8381,8359,149,0.00387041
1668742181.35895324,0.09595193,38841,0.00091912,0.00000000,0,0.00000000,8359,8351,104,0.00335991
1668742181.55763197,0.11298698,38587,0.00121905,0.00000000,0,0.00000000,8351,8374,129,0.00315229
1668742181.75898886,0.09531349,39082,0.00093998,0.00000000,0,0.00000000,8374,8346,108,0.00339658
1668742181.95903754,0.10340229,38863,0.00161228,0.00000000,0,0.00000000,8346,8389,132,0.00327335
1668742182.15901470,0.09787791,38843,0.00108798,0.00000000,0,0.00000000,8389,8406,125,0.00344062
1668742182.55904770,0.09894886,38834,0.00114020,0.00000000,0,0.00000000,8406,8475,149,0.00311527
1668742182.76027751,0.09887594,39136,0.00127134,0.00000000,0,0.00000000,8475,8451,150,0.00340519
1668742182.96030927,0.09889837,38821,0.00127262,0.00000000,0,0.00000000,8451,8437,157,0.00333774
1668742183.15917110,0.09913331,38566,0.00146136,0.00000000,0,0.00000000,8437,8391,156,0.00329716
1668742183.35919595,0.09844982,38893,0.00120517,0.00000000,0,0.00000000,8391,8431,162,0.00301171
1668742183.55916047,0.10145098,38910,0.00121032,0.00000000,0,0.00000000,8431,8439,139,0.00343066
1668742183.76036358,0.09550390,39179,0.00110789,0.00000000,0,0.00000000,8439,8445,126,0.00346308
1668742183.95930719,0.09595257,38628,0.00088551,0.00000000,0,0.00000000,8445,8517,131,0.00306100
1668742184.15927553,0.09253529,38911,0.00124216,0.00000000,0,0.00000000,8517,8522,145,0.00335975
1668742184.56039739,0.10916553,39102,0.00130667,0.00000000,0,0.00000000,8522,8590,173,0.00332714
1668742184.75908494,0.09709067,38589,0.00149666,0.00000000,0,0.00000000,8590,8604,149,0.00342321
1668742184.95909548,0.09418776,38837,0.00204940,0.00000000,0,0.00000000,8604,8386,153,0.00348459
1668742185.15908623,0.09379223,38855,0.00119851,0.00000000,0,0.00000000,8386,8458,156,0.00335713
1668742185.55910420,0.11308689,38550,0.00145550,0.00000000,0,0.00000000,8458,8525,177,0.00323261
1668742185.75918603,0.09450081,38745,0.00134363,0.00000000,0,0.00000000,8525,8580,185,0.00339105
1668742185.95916653,0.09637335,38797,0.00148680,0.00000000,0,0.00000000,8580,8601,173,0.00334337
1668742186.16047263,0.09212837,39041,0.00129928,0.00000000,0,0.00000000,8601,8630,161,0.00315456
1668742186.55912161,0.09840368,38768,0.00145791,0.00000000,0,0.00000000,8630,8719,183,0.00325175
1668742186.75917959,0.09751029,38821,0.00123973,0.00000000,0,0.00000000,8719,8805,175,0.00332468
1668742186.96054125,0.10788187,39070,0.00122456,0.00000000,0,0.00000000,8805,8850,153,0.00232937
1668742187.15922785,0.09312320,38517,0.00104849,0.00000000,0,0.00000000,8850,8855,131,0.00326020
1668742187.35922074,0.09619149,38759,0.00149269,0.00000000,0,0.00000000,8855,8901,191,0.00302259
1668742187.55928373,0.09873482,38738,0.00202575,0.00000000,0,0.00000000,8901,8946,261,0.00332820
1668742187.76055884,0.09424891,38835,0.00136600,0.00000000,0,0.00000000,8946,8946,157,0.00333418
1668742187.95927739,0.10589032,38321,0.00347745,0.00000000,0,0.00000000,8946,8953,252,0.00340910
1668742188.15924907,0.09266678,38604,0.00158331,0.00000000,0,0.00000000,8953,9025,190,0.00338826
1668742188.36064720,0.09608304,38912,0.00125374,0.00000000,0,0.00000000,9025,9053,150,0.00298608
1668742188.56064391,0.09338947,38698,0.00094468,0.00000000,0,0.00000000,9053,9122,140,0.00344615
1668742188.75935483,0.08812609,38401,0.00142750,0.00000000,0,0.00000000,9122,9091,167,0.00308154
1668742188.95933414,0.09229881,38748,0.00103953,0.00000000,0,0.00000000,9091,9122,137,0.00337540
1668742189.16063356,0.09241126,39008,0.00142559,0.00000000,0,0.00000000,9122,9094,145,0.00346724
1668742189.36067080,0.09199730,38724,0.00159432,0.00000000,0,0.00000000,9094,9093,197,0.00322727
1668742189.55934405,0.09611088,38492,0.00140219,0.00000000,0,0.00000000,9093,9054,159,0.00345710
1668742189.75932026,0.09004499,38495,0.00090081,0.00000000,0,0.00000000,9054,9105,118,0.00304016
1668742189.95941472,0.09586413,38011,0.00085956,0.00000000,0,0.00000000,9105,9151,112,0.00345697
1668742190.16069007,0.09432475,37458,0.00136616,0.00000000,0,0.00000000,9151,9168,130,0.00341399
1668742190.55934548,0.09914465,35983,0.00081870,0.00000000,0,0.00000000,9168,9190,107,0.00231471
1668742190.75939107,0.08914648,35521,0.00055380,0.00000000,0,0.00000000,9190,9242,78,0.00337684
1668742191.15937209,0.09606080,34259,0.00102110,0.00000000,0,0.00000000,9242,9213,107,0.00332916
1668742191.35944772,0.09150328,33757,0.00454146,0.00000000,0,0.00000000,9213,9016,477,0.00338714
1668742191.56082034,0.10628457,33170,0.00826467,0.00000000,0,0.00000000,9016,9261,1030,0.00349374
1668742191.76080513,0.10119517,32799,0.00478434,0.00000000,0,0.00000000,9261,9555,814,0.00325351
1668742191.95944786,0.10468164,32301,0.00788896,0.00000000,0,0.00000000,9555,9640,785,0.00226153
1668742192.15941954,0.09353293,32339,0.00599383,0.00000000,0,0.00000000,9640,9986,683,0.00321777
1668742192.36079144,0.09032867,32807,0.00301786,0.00000000,0,0.00000000,9152,9535,540,0.00329082
1668742192.56082320,0.09744101,33256,0.00485529,0.00000000,0,0.00000000,9535,9849,822,0.00322449
1668742192.95953989,0.10357945,34082,0.00714117,0.00000000,0,0.00000000,9849,10487,1353,0.00323002
1668742193.16087317,0.09937300,35160,0.00483814,0.00000000,0,0.00000000,10487,10859,848,0.00317466
1668742193.56089640,0.10462759,37313,0.00562669,0.00000000,0,0.00000000,10859,10982,814,0.00467929
1668742193.76088595,0.11323589,38699,0.00545606,0.00000000,0,0.00000000,10982,11337,842,0.00229497
1668742193.95954633,0.09994693,38657,0.00447276,0.00000000,0,0.00000000,11337,11594,701,0.00327405
1668742194.16086125,0.10081369,39222,0.00501494,0.00000000,0,0.00000000,11594,11753,739,0.00259209
1668742194.36097288,0.11537278,38951,0.00629387,0.00000000,0,0.00000000,11753,11698,794,0.00294029
1668742194.55960274,0.10302889,38805,0.00476223,0.00000000,0,0.00000000,11698,11931,735,0.00341818
1668742194.75963807,0.10179428,38939,0.00487100,0.00000000,0,0.00000000,11931,12116,690,0.00337642
1668742194.96100855,0.12002461,39061,0.00692565,0.00000000,0,0.00000000,12116,12315,839,0.00234019
1668742195.16097283,0.10476977,38811,0.00521459,0.00000000,0,0.00000000,12315,12659,803,0.00504985
1668742195.35961056,0.10773394,38605,0.00541946,0.00000000,0,0.00000000,12659,12861,756,0.00297335
1668742195.55964637,0.10810309,38797,0.00586641,0.00000000,0,0.00000000,12861,13156,894,0.00340097
1668742195.76099491,0.12511024,38947,0.00752642,0.00000000,0,0.00000000,13156,13265,830,0.00234924
1668742195.96093559,0.10886480,38779,0.00433666,0.00000000,0,0.00000000,13265,13491,646,0.00335898
1668742196.15970278,0.10570623,38610,0.00537865,0.00000000,0,0.00000000,13491,13821,808,0.00342401
1668742196.56104827,0.11381865,38972,0.00644020,0.00000000,0,0.00000000,13821,14003,927,0.00291008
1668742196.76103401,0.10743374,38835,0.00650040,0.00000000,0,0.00000000,14003,14214,867,0.00350123
1668742196.95972538,0.11044648,38607,0.00520809,0.00000000,0,0.00000000,14214,14436,750,0.00236284
1668742197.16104603,0.10599846,39107,0.00638100,0.00000000,0,0.00000000,14436,14598,861,0.00336302
1668742197.56112599,0.11414934,38795,0.00800541,0.00000000,0,0.00000000,14598,14780,1093,0.00342711
1668742197.76108241,0.11201652,38970,0.00763238,0.00000000,0,0.00000000,14780,15003,992,0.00348923
1668742197.95979071,0.11360130,38768,0.00662072,0.00000000,0,0.00000000,15003,15305,944,0.00282314
1668742198.16108942,0.11235572,39171,0.00772963,0.00000000,0,0.00000000,15305,15572,997,0.00305543
1668742198.36246634,0.12909928,39062,0.00975183,0.00000000,0,0.00000000,15572,16009,1269,0.00314045
1668742198.56117821,0.11284523,38566,0.00737129,0.00000000,0,0.00000000,16009,16414,1117,0.00341399
1668742198.75980878,0.11446090,38542,0.00731714,0.00000000,0,0.00000000,16414,16732,976,0.00317988
1668742198.96115637,0.12820173,39316,0.00790956,0.00000000,0,0.00000000,16732,17124,968,0.00594154
1668742199.35990286,0.11803419,38618,0.01049078,0.00000000,0,0.00000000,17124,17529,1489,0.00341508
1668742199.55988884,0.12703228,39095,0.01061772,0.00000000,0,0.00000000,17529,17851,1045,0.00359966
1668742199.96128082,0.11989840,38971,0.00730652,0.00000000,0,0.00000000,17851,18059,996,0.00339374
1668742200.35989428,0.12661365,39134,0.01142753,0.00000000,0,0.00000000,18059,19180,2060,0.00354526
1668742200.56122470,0.11598002,39522,0.00798432,0.00000000,0,0.00000000,19180,19092,973,0.00278438
1668742200.76122499,0.12219862,39292,0.00667934,0.00000000,0,0.00000000,19092,19394,750,0.00341774
1668742200.96120954,0.10976840,39246,0.00405726,0.00000000,0,0.00000000,19394,19637,503,0.00318250
1668742201.16129804,0.10839152,39192,0.00350458,0.00000000,0,0.00000000,19637,19689,336,0.00339991
1668742201.36128020,0.12546512,39191,0.00461977,0.00000000,0,0.00000000,19689,19804,384,0.00350519
1668742201.76137948,0.11742631,38999,0.00394818,0.00000000,0,0.00000000,19804,20101,545,0.00328897
1668742201.96003294,0.10871789,38832,0.00438786,0.00000000,0,0.00000000,20101,20316,545,0.00235862
1668742202.16142321,0.12487769,39318,0.00455432,0.00000000,0,0.00000000,20316,20539,544,0.00345428
1668742202.36146951,0.11409187,39012,0.00728092,0.00000000,0,0.00000000,20539,20801,513,0.00239948
1668742202.76141858,0.11094627,39103,0.00345738,0.00000000,0,0.00000000,19454,19819,547,0.00235894
1668742202.96148515,0.10627085,39042,0.00397061,0.00000000,0,0.00000000,19819,20095,547,0.00344359
1668742203.36273837,0.11385997,39377,0.00342410,0.00000000,0,0.00000000,20095,20417,528,0.00333239
1668742203.56003261,0.11045295,38431,0.00298676,0.00000000,0,0.00000000,20417,20625,409,0.00338762
1668742203.76014090,0.11058700,38879,0.00325127,0.00000000,0,0.00000000,20625,20832,454,0.00228675
1668742203.96156907,0.11967664,39055,0.00340126,0.00000000,0,0.00000000,20832,21038,477,0.00350081
1668742204.16161537,0.09938421,38720,0.00425205,0.00000000,0,0.00000000,21038,21201,469,0.00345137
1668742204.36166835,0.10656897,38760,0.00472358,0.00000000,0,0.00000000,21201,21318,560,0.00276016
1668742204.56017017,0.11070995,38448,0.00419979,0.00000000,0,0.00000000,21318,21503,563,0.00343815
1668742204.76277781,0.11056549,39293,0.00423976,0.00000000,0,0.00000000,21503,21722,585,0.00347198
1668742204.96169949,0.11839500,38551,0.00407435,0.00000000,0,0.00000000,21722,21908,549,0.00307293
1668742205.36015606,0.12676873,38786,0.00461020,0.00000000,0,0.00000000,21908,22052,598,0.00314525
1668742205.56179786,0.12545969,39006,0.00413115,0.00000000,0,0.00000000,22052,22164,523,0.00343838
1668742205.76147556,0.12566065,38714,0.00423755,0.00000000,0,0.00000000,22164,22269,509,0.00396216
1668742205.96018839,0.10793865,38357,0.00442309,0.00000000,0,0.00000000,22269,22439,580,0.00342801
1668742206.56157184,0.11190078,38294,0.00545206,0.00000000,0,0.00000000,22439,22579,727,0.00345626
1668742206.76023221,0.11880201,37942,0.00599357,0.00000000,0,0.00000000,22579,22797,626,0.00310442
1668742207.16293025,0.12318113,38220,0.00710968,0.00000000,0,0.00000000,22797,23007,684,0.00509648
1668742207.36296701,0.10800307,37484,0.00524160,0.00000000,0,0.00000000,23007,23171,648,0.00341409
1668742207.96296835,0.10981925,37186,0.00561600,0.00000000,0,0.00000000,23171,23329,731,0.00421320
1668742208.16297030,0.09843665,36710,0.00505424,0.00000000,0,0.00000000,23329,23483,654,0.00336663
1668742208.36164618,0.10508774,36169,0.00511980,0.00000000,0,0.00000000,23483,23575,630,0.00236800
1668742208.56167531,0.11942359,36094,0.00513958,0.00000000,0,0.00000000,23575,23778,644,0.00334349
1668742208.76308894,0.10512252,36182,0.00660725,0.00000000,0,0.00000000,23778,23988,803,0.00230092
1668742208.96304727,0.10845383,35726,0.00619185,0.00000000,0,0.00000000,23988,24048,717,0.00334612
1668742209.16173100,0.10215161,35429,0.00541709,0.00000000,0,0.00000000,24048,24173,670,0.00328311
1668742209.36301732,0.11838114,35875,0.00609348,0.00000000,0,0.00000000,24173,24474,685,0.00343431
1668742209.56309652,0.10685461,35410,0.00549309,0.00000000,0,0.00000000,24474,24729,669,0.00331114
1668742209.96174049,0.10888919,35292,0.00598682,0.00000000,0,0.00000000,24729,24700,577,0.00300554
1668742210.16321325,0.09689526,35574,0.00482547,0.00000000,0,0.00000000,24700,24794,560,0.00381048
1668742210.36307764,0.10507584,35257,0.00579857,0.00000000,0,0.00000000,24794,25001,639,0.00330202
1668742210.56181073,0.10287216,35079,0.00480966,0.00000000,0,0.00000000,25001,25090,584,0.00333124
1668742210.76312828,0.11859884,35579,0.00640385,0.00000000,0,0.00000000,25090,25436,864,0.00222367
1668742211.16181231,0.11790095,35137,0.00515437,0.00000000,0,0.00000000,25436,25559,473,0.00260720
1668742211.36187100,0.10484626,35525,0.00303309,0.00000000,0,0.00000000,25559,25678,332,0.00326887
1668742211.56180835,0.11682657,35503,0.00375332,0.00000000,0,0.00000000,25678,25805,437,0.00329962
1668742211.76315308,0.12001144,35973,0.00341214,0.00000000,0,0.00000000,25805,25876,371,0.00325310
1668742211.96313977,0.12166179,35962,0.00426552,0.00000000,0,0.00000000,25876,25921,372,0.00326401
1668742212.16169906,0.09481671,36004,0.00257277,0.00000000,0,0.00000000,25921,26013,300,0.00330279
1668742212.36156726,0.12174858,36270,0.00339674,0.00000000,0,0.00000000,26013,26110,329,0.00331367
1668742212.56282210,0.10524976,36651,0.00307040,0.00000000,0,0.00000000,26110,26201,343,0.00328906
1668742212.76257730,0.10283562,36544,0.00255766,0.00000000,0,0.00000000,26201,26325,293,0.00317271
1668742212.96110225,0.10646219,36390,0.00306612,0.00000000,0,0.00000000,26325,26362,317,0.00297892
1668742213.36215377,0.11300524,37229,0.00389560,0.00000000,0,0.00000000,26362,26571,507,0.00225916
1668742213.56203580,0.10414338,37097,0.00339991,0.00000000,0,0.00000000,26571,26707,409,0.00505785
1668742213.76062703,0.10525782,37182,0.00341479,0.00000000,0,0.00000000,26707,26747,396,0.00336782
1668742213.96177077,0.10834039,38118,0.00343732,0.00000000,0,0.00000000,26747,26791,370,0.00338830
1668742214.36015677,0.12400726,37845,0.00468713,0.00000000,0,0.00000000,26791,26966,527,0.00376049
1668742214.56010485,0.10398066,38044,0.00282330,0.00000000,0,0.00000000,26966,27038,325,0.00336942
1668742214.76122165,0.10820912,38171,0.00373876,0.00000000,0,0.00000000,27038,27199,450,0.00345044
1668742214.96110320,0.10687976,38056,0.00343195,0.00000000,0,0.00000000,27199,27287,407,0.00220083
1668742215.16095710,0.10447884,38196,0.00412584,0.00000000,0,0.00000000,27287,27382,426,0.00377870
1668742215.36080241,0.10745647,38234,0.00332253,0.00000000,0,0.00000000,27382,27493,385,0.00334727
1668742215.56066537,0.10664827,38169,0.00315594,0.00000000,0,0.00000000,27493,27592,366,0.00450159
1668742215.76057053,0.10764361,38060,0.00376101,0.00000000,0,0.00000000,27592,27687,403,0.00313661
1668742215.96046615,0.11669930,38098,0.00388005,0.00000000,0,0.00000000,27687,27807,456,0.00300663
1668742216.16027141,0.10524371,38045,0.00367182,0.00000000,0,0.00000000,27807,27842,407,0.00320519
