wall_time,pid,cpu_percent,rss_kb
2026-10-06T13:58:03+08:00,14658,0.0,137008
2026-10-06T13:58:08+08:00,14658,57.0,209384
2026-10-06T13:58:13+08:00,14658,66.2,233076
2026-10-06T13:58:18+08:00,14658,73.0,256972
2026-10-06T13:58:23+08:00,14658,76.9,282032
2026-10-06T13:58:28+08:00,14658,78.2,305948
2026-10-06T13:58:33+08:00,14658,78.6,328220
2026-10-06T13:58:38+08:00,14658,79.9,348364
2026-10-06T13:58:43+08:00,14658,80.1,370236
2026-10-06T13:58:48+08:00,14658,79.7,387296
2026-10-06T13:58:53+08:00,14658,80.3,417920
2026-10-06T13:58:58+08:00,14658,80.5,434316
2026-10-06T13:59:03+08:00,14658,80.9,450728
2026-10-06T13:59:08+08:00,14658,80.9,476276
2026-10-06T13:59:13+08:00,14658,81.2,493300
2026-10-06T13:59:18+08:00,14658,81.3,526392
2026-10-06T13:59:23+08:00,14658,81.9,531344
2026-10-06T13:59:28+08:00,14658,82.1,692792
2026-10-06T13:59:33+08:00,14658,82.6,568612
2026-10-06T13:59:38+08:00,14658,83.1,724316
2026-10-06T13:59:43+08:00,14658,83.2,775452
2026-10-06T13:59:48+08:00,14658,83.1,637964
2026-10-06T13:59:53+08:00,14658,83.7,659080
2026-10-06T13:59:58+08:00,14658,83.7,675632
2026-10-06T14:00:03+08:00,14658,83.8,691892
