sequence,stamp_s,processing_time_ms,tracking_state
0,1667793469.329610825,39.065226000,1
1,1667793469.664695263,81.491613000,1
2,1667793469.798788309,78.614750000,1
3,1667793469.932915211,77.105602000,1
4,1667793469.999991179,76.896843000,1
5,1667793470.067076206,75.367951000,1
6,1667793470.134169340,74.925219000,1
7,1667793470.201562881,75.549127000,1
8,1667793470.268204212,74.622545000,1
9,1667793470.334843636,74.310282000,1
10,1667793470.401481867,75.006252000,1
11,1667793470.468119144,74.969709000,1
12,1667793470.534755230,73.627689000,1
13,1667793470.601389647,74.243822000,1
14,1667793470.668022871,73.155166000,1
15,1667793470.734654903,73.876381000,1
16,1667793470.801285744,74.786046000,1
17,1667793470.867915154,73.012528000,1
18,1667793471.001169920,73.861355000,1
19,1667793471.067795753,72.999249000,1
20,1667793471.134419918,73.540408000,1
21,1667793471.201039314,74.955226000,1
22,1667793471.267678261,76.108167000,1
23,1667793471.334316015,72.139618000,1
24,1667793471.400952339,73.877973000,1
25,1667793471.467587471,73.522629000,1
26,1667793471.534221172,76.859825000,1
27,1667793471.600853682,77.647214000,1
28,1667793471.667484760,76.132177000,1
29,1667793471.734114647,72.949919000,1
30,1667793471.800743103,78.212478000,1
31,1667793471.867370129,78.430008000,1
32,1667793471.933996201,79.064668000,1
33,1667793472.000620604,73.691018000,1
34,1667793472.067243814,75.541592000,1
35,1667793472.133865833,72.318438000,1
36,1667793472.200473785,72.937899000,1
37,1667793472.267112732,75.279140000,1
38,1667793472.333750486,73.180876000,1
39,1667793472.400387049,72.813564000,1
40,1667793472.467021942,73.127822000,1
41,1667793472.533655405,74.095043000,1
42,1667793472.600287914,73.632215000,1
43,1667793472.666918993,72.779581000,1
44,1667793472.733548880,78.193935000,1
45,1667793472.800177097,78.082045000,1
46,1667793472.866804123,72.254432000,1
47,1667793472.933429956,71.403334000,1
48,1667793473.000054359,73.079515000,1
49,1667793473.066677570,78.880253000,1
50,1667793473.133299351,73.312337000,1
51,1667793473.199911594,72.862085000,1
52,1667793473.266552210,71.105458000,1
53,1667793473.333191633,71.670917000,1
54,1667793473.399829388,72.016597000,1
55,1667793473.466466188,72.513568000,1
56,1667793473.533101559,71.559114000,1
57,1667793473.666368484,71.193754000,1
58,1667793473.733000040,72.342888000,1
59,1667793473.799630165,71.937026000,1
60,1667793473.866259098,72.455534000,1
61,1667793473.932886600,71.608531000,1
62,1667793473.999512911,71.966244000,1
63,1667793474.066137791,77.967966000,1
64,1667793474.132761717,72.436943000,1
65,1667793474.199371338,70.879923000,1
66,1667793474.266011953,75.748158000,1
67,1667793474.332651377,78.491924000,1
68,1667793474.399289370,75.880741000,1
69,1667793474.465925932,78.050855000,1
70,1667793474.532561779,72.458137000,1
71,1667793474.599195719,78.109124000,1
72,1667793474.665828705,75.621328000,1
73,1667793474.732460499,79.530727000,1
74,1667793474.799090862,72.573277000,1
75,1667793474.865719795,72.371785000,1
76,1667793474.932347298,73.290561000,1
77,1667793474.998974323,74.541291000,1
78,1667793475.065599203,72.248653000,1
79,1667793475.132223129,72.273261000,1
80,1667793475.198835135,71.965370000,1
81,1667793475.265475035,73.384925000,1
82,1667793475.332113504,74.386013000,1
83,1667793475.398750544,71.362463000,1
84,1667793475.465386152,72.021443000,1
85,1667793475.532020807,71.483450000,1
86,1667793475.598654032,70.808504000,1
87,1667793475.665285826,72.153789000,1
88,1667793475.731916428,71.991396000,1
89,1667793475.798545599,71.146388000,1
90,1667793475.865173578,69.995334000,1
91,1667793475.931800127,74.522243000,1
92,1667793475.998425484,72.900201000,1
93,1667793476.065049410,72.393887000,1
94,1667793476.131672144,71.864757000,1
95,1667793476.198285103,72.666291000,1
96,1667793476.264924765,70.114144000,1
97,1667793476.331562757,72.002842000,1
98,1667793476.398199797,73.174505000,1
99,1667793476.464835167,74.423283000,1
100,1667793476.531469345,69.900181000,1
101,1667793476.598102093,70.427742000,1
102,1667793476.664733648,70.782735000,1
103,1667793476.797992706,69.771458000,1
104,1667793476.864620209,68.406271000,1
105,1667793476.931246281,71.106156000,1
106,1667793476.997871161,70.217234000,1
107,1667793477.064494610,70.861558000,1
108,1667793477.131116867,69.029413000,1
109,1667793477.197726727,70.618592000,1
110,1667793477.264365196,68.654901000,1
111,1667793477.331003189,63.307522000,1
112,1667793477.397639275,32.629752000,1
113,1667793477.464273930,86.825628000,1
114,1667793477.530907393,87.348774000,1
115,1667793477.597539663,86.660259000,1
116,1667793477.730799913,86.399214000,1
117,1667793477.797427893,90.410032000,1
118,1667793477.864054680,91.533346000,1
119,1667793477.930680037,85.455747000,1
120,1667793477.997304201,86.628242000,1
121,1667793478.063926697,87.409873000,1
122,1667793478.130548000,84.425999000,1
123,1667793478.197157621,91.184114000,1
124,1667793478.263796806,90.400147000,1
125,1667793478.330434799,91.587854000,1
126,1667793478.397071600,91.191808000,1
127,1667793478.463706732,86.526243000,1
128,1667793478.530340672,84.478906000,1
129,1667793478.730234623,86.078359000,1
130,1667793478.863490582,89.724363000,1
131,1667793478.930116415,91.338024000,1
132,1667793478.996741295,86.496178000,1
133,1667793479.063364506,85.081070000,1
134,1667793479.129986525,83.182238000,1
135,1667793479.196355581,84.457192000,1
136,1667793479.263415098,83.931903000,1
137,1667793479.330484390,142.206951000,2
138,1667793479.397563696,30.810744000,2
139,1667793479.464653015,23.790270000,2
140,1667793479.531751871,26.150715000,2
141,1667793479.598860979,23.950103000,2
142,1667793479.665979862,23.918552000,2
143,1667793479.733108759,28.167174000,2
144,1667793479.800247669,28.146922000,2
145,1667793479.867395639,31.440674000,2
146,1667793479.934554100,34.131250000,2
147,1667793480.001722336,31.867120000,2
148,1667793480.068900585,32.387675000,2
149,1667793480.136088848,34.953328000,2
150,1667793480.203562975,34.111603000,2
151,1667793480.270277739,35.474074000,2
152,1667793480.336992741,37.426383000,2
153,1667793480.403707504,34.297265000,2
154,1667793480.470422506,38.271852000,2
155,1667793480.537137508,38.286347000,2
156,1667793480.603852272,36.995616000,2
157,1667793480.670567274,37.448142000,2
158,1667793480.737282276,37.672933000,2
159,1667793480.803997278,36.729072000,2
160,1667793480.870712042,34.198586000,2
161,1667793480.937427282,29.013393000,2
162,1667793481.004142284,39.375940000,2
163,1667793481.070857286,36.320866000,2
164,1667793481.137572289,32.431203000,2
165,1667793481.204287291,33.829354000,2
166,1667793481.271002531,36.104779000,2
167,1667793481.337717772,35.713313000,2
168,1667793481.471148252,36.318120000,2
169,1667793481.537863493,45.075167000,2
170,1667793481.604578972,42.221429000,2
171,1667793481.671294212,37.324511000,2
172,1667793481.738009453,34.437877000,2
173,1667793481.804724932,37.553018000,2
174,1667793481.871440411,37.323332000,2
175,1667793481.938155890,32.255092000,2
176,1667793482.004871130,44.473375000,2
177,1667793482.071586609,33.378535000,2
178,1667793482.138302326,33.907536000,2
179,1667793482.205014944,37.816049000,2
180,1667793482.271734238,38.713803000,2
181,1667793482.338453293,34.814385000,2
182,1667793482.405172825,40.019932000,2
183,1667793482.471892595,34.621976000,2
184,1667793482.538611889,38.940648000,2
185,1667793482.605331182,36.675780000,2
186,1667793482.672050953,44.755930000,2
187,1667793482.738770723,39.588909000,2
188,1667793482.805490732,38.844369000,2
189,1667793482.872210503,35.341824000,2
190,1667793482.938930511,36.788166000,2
191,1667793483.005650282,27.898703000,2
192,1667793483.072370529,41.714461000,2
193,1667793483.139090776,38.420068000,2
194,1667793483.205813646,34.478851000,2
195,1667793483.272529125,32.416728000,2
196,1667793483.339244127,34.069498000,2
197,1667793483.405959129,35.234858000,2
198,1667793483.539389610,35.914158000,2
199,1667793483.606104851,32.114377000,2
200,1667793483.672819853,38.686782000,2
201,1667793483.739535093,33.001061000,2
202,1667793483.806250334,40.037517000,2
203,1667793483.872965574,32.831953000,2
204,1667793483.939680815,35.680061000,2
205,1667793484.006396055,27.257299000,2
206,1667793484.073111296,30.291256000,2
207,1667793484.139826775,31.110774000,2
208,1667793484.206542015,26.542959000,2
209,1667793484.272951603,34.026786000,2
210,1667793484.407926083,34.751784000,2
211,1667793484.475427866,34.517906000,2
212,1667793484.542939901,34.570096000,2
213,1667793484.610461712,36.008374000,2
214,1667793484.677993059,35.103642000,2
215,1667793484.745534658,24.471111000,2
216,1667793484.813086033,34.594420000,2
217,1667793484.880646944,34.051946000,2
218,1667793484.948218107,28.175894000,2
219,1667793485.015799046,35.065058000,2
220,1667793485.083389759,37.100111000,2
221,1667793485.218600512,34.825195000,2
222,1667793485.286543369,33.054194000,2
223,1667793485.353185654,36.056959000,2
224,1667793485.419826031,32.215449000,2
225,1667793485.486465216,35.876038000,2
226,1667793485.553103209,33.013113000,2
227,1667793485.619740248,32.362834000,2
228,1667793485.686375618,28.836288000,2
229,1667793485.753010035,31.172002000,2
230,1667793485.819642782,30.810709000,2
231,1667793485.886274338,33.641604000,2
232,1667793485.952904701,31.162599000,2
233,1667793486.019533873,32.959487000,2
234,1667793486.086161613,34.124082000,2
235,1667793486.152788401,36.098723000,2
236,1667793486.219413519,32.141760000,2
237,1667793486.286044359,31.344992000,2
238,1667793486.352683544,35.722103000,2
239,1667793486.419321537,28.880294000,2
240,1667793486.485958099,25.866814000,2
241,1667793486.552593231,37.157406000,2
242,1667793486.619226933,36.003532000,2
243,1667793486.685859680,34.957333000,2
244,1667793486.752490759,34.315855000,2
245,1667793486.819120646,33.109731000,2
246,1667793486.885749340,34.012192000,2
247,1667793486.952376366,34.701925000,2
248,1667793487.019002438,36.538460000,2
249,1667793487.085627079,30.293459000,2
250,1667793487.152250528,30.448717000,2
251,1667793487.218872309,26.844508000,2
252,1667793487.285486698,33.093796000,2
253,1667793487.352124929,25.395864000,2
254,1667793487.418761969,26.704613000,2
255,1667793487.485397577,28.746644000,2
256,1667793487.552031755,35.210581000,2
257,1667793487.618664503,35.565640000,2
258,1667793487.685296059,27.206001000,2
259,1667793487.751926184,33.515449000,2
260,1667793487.818555117,25.649330000,2
261,1667793487.885182858,33.183947000,2
262,1667793487.951809168,26.449203000,2
263,1667793488.018433809,37.188654000,2
264,1667793488.085057259,37.470659000,2
265,1667793488.151679516,34.201091000,2
266,1667793488.218300343,35.278585000,2
267,1667793488.284914017,28.516098000,2
268,1667793488.351554632,32.178519000,2
269,1667793488.418194294,32.360975000,2
270,1667793488.484832287,30.755726000,2
271,1667793488.551469326,33.344361000,2
272,1667793488.618104458,37.530693000,2
273,1667793488.684739113,33.794487000,2
274,1667793488.751372099,38.340135000,2
275,1667793488.818003654,27.114369000,2
276,1667793488.884634018,35.207878000,2
277,1667793489.017890930,29.434470000,2
278,1667793489.084517002,37.532907000,2
279,1667793489.151142120,26.495033000,2
280,1667793489.217766047,28.656581000,2
281,1667793489.284393311,33.063900000,2
282,1667793489.351033449,33.876351000,2
283,1667793489.417672396,38.669381000,2
284,1667793489.484309912,34.380780000,2
285,1667793489.550945997,33.734277000,2
286,1667793489.617580891,27.936101000,2
287,1667793489.684214354,35.564221000,2
288,1667793489.750846624,35.674489000,2
289,1667793489.817477703,36.849361000,2
290,1667793489.884107351,26.500481000,2
291,1667793490.017362833,36.658008000,2
292,1667793490.083988428,34.439918000,2
293,1667793490.150613070,29.174809000,2
294,1667793490.217236042,37.786733000,2
295,1667793490.283853292,37.516567000,2
296,1667793490.350492001,30.549705000,2
297,1667793490.417129040,36.415271000,2
298,1667793490.483764887,35.815422000,2
299,1667793490.550399542,28.290368000,2
300,1667793490.617032766,30.296594000,2
301,1667793490.683664799,30.204534000,2
302,1667793490.750294924,37.145995000,2
303,1667793490.816924572,29.507253000,2
304,1667793490.883552551,36.964728000,2
305,1667793490.950178862,36.037627000,2
306,1667793491.016803980,29.634640000,2
307,1667793491.083427906,37.849142000,2
308,1667793491.150050640,38.105771000,2
309,1667793491.216671944,31.905562000,2
310,1667793491.283293724,39.189378000,2
311,1667793491.349935055,37.359214000,2
312,1667793491.416574955,28.965295000,2
313,1667793491.483213663,36.184730000,2
314,1667793491.549850941,39.527291000,2
315,1667793491.616487026,32.334829000,2
316,1667793491.683121681,35.841832000,2
317,1667793491.749755144,31.935868000,2
318,1667793491.816387177,33.061943000,2
319,1667793491.883018017,36.225759000,2
320,1667793491.949647427,36.758507000,2
321,1667793492.016275644,37.106877000,2
322,1667793492.082902670,32.178072000,2
323,1667793492.149528027,37.405714000,2
324,1667793492.216152668,32.707877000,2
325,1667793492.282770395,35.939785000,2
326,1667793492.349411249,38.339956000,2
327,1667793492.416050196,30.435647000,2
328,1667793492.482688427,35.094190000,2
329,1667793492.615960360,30.332131000,2
330,1667793492.682594776,41.189960000,2
331,1667793492.815858841,32.746637000,2
332,1667793492.882489204,30.860116000,2
333,1667793492.949117899,32.169794000,2
334,1667793493.015745640,32.763723000,2
335,1667793493.082371473,36.540382000,2
336,1667793493.148996592,30.881811000,2
337,1667793493.215620279,35.803897000,2
338,1667793493.282243252,38.153697000,2
339,1667793493.348885298,34.682568000,2
340,1667793493.415525913,30.918997000,2
341,1667793493.482165337,31.337958000,2
342,1667793493.548803568,31.426115000,2
343,1667793493.682075739,36.699613000,2
344,1667793493.748709917,35.129528000,2
345,1667793493.815342665,32.914000000,2
346,1667793493.881974697,39.422140000,2
347,1667793493.948604822,33.652532000,2
348,1667793494.015233994,44.248903000,2
349,1667793494.081861258,39.866700000,2
350,1667793494.148488045,37.533667000,2
351,1667793494.215113163,31.847320000,2
352,1667793494.281732559,33.171654000,2
353,1667793494.348371506,34.762255000,2
354,1667793494.415009022,37.003836000,2
355,1667793494.481645584,31.622596000,2
356,1667793494.548280239,35.899301000,2
357,1667793494.614913702,33.735574000,2
358,1667793494.681546211,38.331722000,2
359,1667793494.748177052,35.153153000,2
360,1667793494.814806700,32.624708000,2
361,1667793494.881434917,29.866698000,2
362,1667793494.948061705,38.363119000,2
363,1667793495.014687300,31.631048000,2
364,1667793495.081311464,36.193056000,2
365,1667793495.147934437,31.693703000,2
366,1667793495.214555979,35.713074000,2
367,1667793495.281174898,34.482848000,2
368,1667793495.347815275,33.899642000,2
369,1667793495.414453983,35.059150000,2
370,1667793495.481091738,39.797119000,2
371,1667793495.547728062,35.876720000,2
372,1667793495.614362955,33.132982000,2
373,1667793495.680996895,32.625064000,2
374,1667793495.747629166,33.591493000,2
375,1667793495.814260244,33.418672000,2
376,1667793495.880889893,34.144662000,2
377,1667793495.947518349,39.021057000,2
378,1667793496.014145374,35.907765000,2
379,1667793496.080770969,34.509928000,2
380,1667793496.147395611,69.372835000,2
381,1667793496.280634880,37.157350000,2
382,1667793496.347275257,38.157223000,2
383,1667793496.413913965,40.839781000,2
384,1667793496.480551720,39.684655000,2
385,1667793496.547188044,32.249888000,2
386,1667793496.613822937,34.154458000,2
387,1667793496.680456638,37.372932000,2
388,1667793496.813719988,33.851658000,2
389,1667793496.880349874,33.671504000,2
390,1667793496.946978092,39.847343000,2
391,1667793497.013605118,33.320414000,2
392,1667793497.080230951,34.147103000,2
393,1667793497.146855354,37.205712000,2
394,1667793497.213478565,33.497559000,2
395,1667793497.280097485,37.077428000,2
396,1667793497.346738100,33.395679000,2
397,1667793497.413377523,39.442884000,2
398,1667793497.480015516,32.246057000,2
399,1667793497.546652317,33.474301000,2
400,1667793497.613287687,36.418226000,2
401,1667793497.679921865,39.737816000,2
402,1667793497.746554375,32.287272000,2
403,1667793497.879815817,38.564169000,2
404,1667793497.946444988,36.006918000,2
405,1667793498.013072491,31.924346000,2
406,1667793498.079698801,32.295597000,2
407,1667793498.146323681,32.334059000,2
408,1667793498.212947369,36.333050000,2
409,1667793498.279563427,31.772415000,2
410,1667793498.346205711,34.755384000,2
411,1667793498.412847042,34.266505000,2
412,1667793498.479486704,35.471391000,2
413,1667793498.546125412,31.094877000,2
414,1667793498.612762928,32.091001000,2
415,1667793498.679399014,32.622021000,2
416,1667793498.746033669,33.016023000,2
417,1667793498.812667131,33.721890000,2
418,1667793498.879299641,34.043095000,2
419,1667793498.945930481,33.722339000,2
420,1667793499.012560368,32.541517000,2
421,1667793499.079188824,33.839455000,2
422,1667793499.145815849,32.338005000,2
423,1667793499.212441921,34.962518000,2
424,1667793499.279062986,31.650189000,2
425,1667793499.345702648,31.107109000,2
426,1667793499.478977680,28.683004000,2
427,1667793499.678880692,28.525538000,2
428,1667793499.745512247,29.077006000,2
429,1667793499.812142372,30.849587000,2
430,1667793499.878771305,28.174866000,2
431,1667793499.945398569,29.371143000,2
432,1667793500.012024879,28.955894000,2
433,1667793500.078649998,27.947162000,2
434,1667793500.211895704,30.095405000,2
435,1667793500.278390646,31.726899000,2
436,1667793500.345454454,30.659582000,2
437,1667793500.412528038,29.999061000,2
438,1667793500.479611635,29.035384000,2
439,1667793500.546705008,30.725051000,2
440,1667793500.613808155,32.383872000,2
441,1667793500.680921078,35.984865000,2
442,1667793500.748044252,35.212764000,2
443,1667793500.815177202,26.650320000,2
444,1667793500.882320166,27.505714000,2
445,1667793500.949472666,24.803153000,2
446,1667793501.016635180,27.393366000,2
447,1667793501.083807707,25.836525000,2
448,1667793501.150990009,32.606941000,2
449,1667793501.218182325,25.042825000,2
450,1667793501.285491943,25.742545000,2
451,1667793501.352208138,28.985793000,2
452,1667793501.418924332,24.849683000,2
453,1667793501.485640526,29.235097000,2
454,1667793501.552356958,29.116413000,2
455,1667793501.619072914,24.172492000,2
456,1667793501.685789585,27.212128000,2
457,1667793501.752505779,37.629168000,2
458,1667793501.819222212,23.653473000,2
459,1667793501.885938644,30.740264000,2
460,1667793501.952655077,24.112113000,2
461,1667793502.019371510,25.032560000,2
462,1667793502.086088181,24.214669000,2
463,1667793502.152804613,31.187864000,2
464,1667793502.219521284,24.473508000,2
465,1667793502.286238194,26.983500000,2
466,1667793502.352952719,24.997365000,2
467,1667793502.419667244,31.736394000,2
468,1667793502.486381769,24.076630000,2
469,1667793502.553096294,33.161112000,2
470,1667793502.619810820,24.338860000,2
471,1667793502.686525106,28.857486000,2
472,1667793502.753239632,23.558856000,2
473,1667793502.819954157,25.586756000,2
474,1667793502.886668682,35.332688000,2
475,1667793503.020097494,24.161781000,2
476,1667793503.086812019,36.224337000,2
477,1667793503.220240831,26.556899000,2
478,1667793503.286955357,25.038423000,2
479,1667793503.353669167,35.655019000,2
480,1667793503.420383215,23.449266000,2
481,1667793503.487097263,32.576597000,2
482,1667793503.620524883,29.252265000,2
483,1667793503.687238932,22.891877000,2
484,1667793503.753952980,32.262432000,2
485,1667793503.820666790,21.357022000,2
486,1667793503.887380362,38.520461000,2
487,1667793503.954094410,25.465968000,2
488,1667793504.020808458,33.027402000,2
489,1667793504.087522030,22.628914000,2
490,1667793504.154235840,22.426873000,2
491,1667793504.220949650,24.476210000,2
492,1667793504.287663221,28.582084000,2
493,1667793504.354378223,31.612832000,2
494,1667793504.421092749,31.769146000,2
495,1667793504.487807751,23.837996000,2
496,1667793504.621237755,34.556091000,2
497,1667793504.687952995,35.262818000,2
498,1667793504.754667759,24.247549000,2
499,1667793504.821382761,26.595856000,2
500,1667793504.888098001,24.414939000,2
501,1667793504.954812765,24.461529000,2
502,1667793505.021527767,25.330331000,2
503,1667793505.088243008,22.839089000,2
504,1667793505.154958010,34.198828000,2
505,1667793505.221673012,32.430568000,2
506,1667793505.288388491,29.057084000,2
507,1667793505.355102301,30.445904000,2
508,1667793505.421816349,23.042413000,2
509,1667793505.488530159,34.255183000,2
510,1667793505.555244446,32.394350000,2
511,1667793505.621958256,31.384080000,2
512,1667793505.688672304,34.210384000,2
513,1667793505.755386114,30.365683000,2
514,1667793505.822100163,22.654909000,2
515,1667793505.888813972,31.589550000,2
516,1667793505.955528021,26.501146000,2
517,1667793506.022241831,38.147855000,2
518,1667793506.088955879,30.212636000,2
519,1667793506.155669689,33.970493000,2
520,1667793506.222383499,24.056462000,2
521,1667793506.289097071,33.122298000,2
522,1667793506.355811596,22.988726000,2
523,1667793506.422525644,27.003373000,2
524,1667793506.489239693,23.674334000,2
525,1667793506.555953741,28.441341000,2
526,1667793506.622668028,22.900825000,2
527,1667793506.689381838,27.598937000,2
528,1667793506.756095886,23.147760000,2
529,1667793506.822810173,28.892146000,2
530,1667793506.889523983,37.010208000,2
531,1667793506.956238031,32.132836000,2
532,1667793507.022951841,34.845832000,2
533,1667793507.089666128,23.036247000,2
534,1667793507.156379938,32.502263000,2
535,1667793507.223093748,23.780414000,2
536,1667793507.289807320,31.575927000,2
537,1667793507.356522799,33.924940000,2
538,1667793507.423238516,33.759570000,2
539,1667793507.556669235,33.388767000,2
540,1667793507.623384714,35.564053000,2
541,1667793507.690100431,37.145792000,2
542,1667793507.756815910,33.498715000,2
543,1667793507.823531151,36.957995000,2
544,1667793507.890247107,35.320866000,2
545,1667793507.956962585,27.766207000,2
546,1667793508.023678303,34.624602000,2
547,1667793508.090393782,34.563004000,2
548,1667793508.223824978,24.081018000,2
549,1667793508.290540695,34.770644000,2
550,1667793508.357255697,34.951700000,2
551,1667793508.423970222,32.007030000,2
552,1667793508.490684986,38.388865000,2
553,1667793508.557399750,35.404676000,2
554,1667793508.624114275,35.349798000,2
555,1667793508.690829039,36.872435000,2
556,1667793508.757543564,34.078065000,2
557,1667793508.824258566,34.379467000,2
558,1667793508.890973091,34.924890000,2
559,1667793508.957688093,28.651722000,2
560,1667793509.024402618,34.777310000,2
561,1667793509.091117382,32.520073000,2
562,1667793509.157832146,36.484230000,2
563,1667793509.224546909,37.537218000,2
564,1667793509.291261435,36.401001000,2
565,1667793509.357976675,39.557925000,2
566,1667793509.424691677,35.196022000,2
567,1667793509.491406679,36.598343000,2
568,1667793509.558121920,37.419532000,2
569,1667793509.624837160,40.229454000,2
570,1667793509.691552162,35.561802000,2
571,1667793509.758267403,34.774019000,2
572,1667793509.824982643,25.841582000,2
573,1667793509.891697645,25.838766000,2
574,1667793509.958413124,27.732144000,2
575,1667793510.025128365,34.654220000,2
576,1667793510.091843605,34.363094000,2
577,1667793510.158558607,34.094591000,2
578,1667793510.225274086,31.566161000,2
579,1667793510.291989565,37.273654000,2
580,1667793510.358704329,36.344249000,2
581,1667793510.425419092,33.702672000,2
582,1667793510.492134094,37.192030000,2
583,1667793510.558848619,35.288027000,2
584,1667793510.625563383,34.790444000,2
585,1667793510.692278385,26.663414000,2
586,1667793510.758992910,27.956428000,2
587,1667793510.825707674,34.307233000,2
588,1667793510.892422438,37.589717000,2
589,1667793510.959137201,27.512223000,2
590,1667793511.025851727,26.158186000,2
591,1667793511.092566729,26.177001000,2
592,1667793511.159281254,27.070765000,2
593,1667793511.225996017,26.454529000,2
594,1667793511.292710543,35.276353000,2
595,1667793511.359426260,37.702807000,2
596,1667793511.426141739,35.902066000,2
597,1667793511.492857695,25.669566000,2
598,1667793511.559573174,28.333255000,2
599,1667793511.626289129,28.112527000,2
600,1667793511.693004608,36.771381000,2
601,1667793511.759720564,27.256554000,2
602,1667793511.826436281,27.590979000,2
603,1667793511.893151999,25.238959000,2
604,1667793511.959867954,26.440713000,2
605,1667793512.026583433,27.696224000,2
606,1667793512.093299627,33.993109000,2
607,1667793512.226731300,34.920918000,2
608,1667793512.293447256,40.915798000,2
609,1667793512.360162258,25.483947000,2
610,1667793512.426877737,30.644389000,2
611,1667793512.493592978,36.848061000,2
612,1667793512.560308218,40.511559000,2
613,1667793512.693738699,37.175219000,2
614,1667793512.760454178,25.433196000,2
615,1667793512.827169418,26.651529000,2
616,1667793512.893884659,38.203606000,2
617,1667793512.960600138,26.802693000,2
618,1667793513.027315378,27.249302000,2
619,1667793513.094030857,30.130873000,2
620,1667793513.160746098,26.348691000,2
621,1667793513.227461338,26.603339000,2
622,1667793513.294176579,38.979327000,2
623,1667793513.360892534,25.898564000,2
624,1667793513.427608490,28.989314000,2
625,1667793513.494324207,34.463635000,2
626,1667793513.561040401,26.229082000,2
627,1667793513.627756357,28.237466000,2
628,1667793513.694472075,31.001890000,2
629,1667793513.761188269,26.574671000,2
630,1667793513.827904224,27.679536000,2
631,1667793513.894620419,33.542294000,2
632,1667793513.961336374,27.458614000,2
633,1667793514.028052568,27.713454000,2
634,1667793514.094768524,33.110882000,2
635,1667793514.228200912,29.283229000,2
636,1667793514.294917345,34.788174000,2
637,1667793514.428348303,36.865328000,2
638,1667793514.495064259,34.810322000,2
639,1667793514.561779737,35.504539000,2
640,1667793514.628495455,37.852401000,2
641,1667793514.695211172,37.544539000,2
642,1667793514.761926889,36.807634000,2
643,1667793514.828642607,37.445603000,2
644,1667793514.895358324,25.560122000,2
645,1667793514.962074280,28.411008000,2
646,1667793515.028789759,26.929903000,2
647,1667793515.095505714,36.585406000,2
648,1667793515.162221193,33.798262000,2
649,1667793515.228937149,34.542207000,2
650,1667793515.295653105,37.650686000,2
651,1667793515.362368584,26.275335000,2
652,1667793515.429084301,27.898868000,2
653,1667793515.495799780,25.887475000,2
654,1667793515.562515736,34.377673000,2
655,1667793515.629231215,36.827932000,2
656,1667793515.695946693,27.788888000,2
657,1667793515.762662411,30.846071000,2
658,1667793515.829377890,29.542756000,2
659,1667793515.896093845,36.970364000,2
660,1667793515.962809324,26.473604000,2
661,1667793516.029525042,27.268780000,2
662,1667793516.096240759,31.839517000,2
663,1667793516.162956238,26.969045000,2
664,1667793516.229672194,34.014904000,2
665,1667793516.296387911,41.629228000,2
666,1667793516.363102913,28.040183000,2
667,1667793516.429818392,28.171123000,2
668,1667793516.496533394,25.549956000,2
669,1667793516.563248873,29.037496000,2
670,1667793516.696679115,29.255729000,2
671,1667793516.763394356,34.953663000,2
672,1667793516.830109596,34.063008000,2
673,1667793516.896824598,38.868907000,2
674,1667793516.963540077,34.898918000,2
675,1667793517.030255318,26.521514000,2
676,1667793517.096970558,27.263283000,2
677,1667793517.163685799,35.581137000,2
678,1667793517.230401039,26.608295000,2
679,1667793517.297116041,27.271700000,2
680,1667793517.363839626,38.513307000,2
681,1667793517.431327581,35.349181000,2
682,1667793517.498825788,35.740049000,2
683,1667793517.566333771,36.331391000,2
684,1667793517.633851767,35.874733000,2
685,1667793517.701379061,34.176257000,2
686,1667793517.836464167,30.444697000,2
687,1667793517.904021263,35.350498000,2
688,1667793517.971588373,26.496530000,2
689,1667793518.039165497,30.032997000,2
690,1667793518.106752396,34.984077000,2
691,1667793518.241955757,36.112426000,2
692,1667793518.309571981,36.101324000,2
693,1667793518.376261234,33.426305000,2
694,1667793518.442949533,36.825945000,2
695,1667793518.509636879,29.429115000,2
696,1667793518.643009901,36.565313000,2
697,1667793518.709695578,37.074737000,2
698,1667793518.776380301,35.237034000,2
699,1667793518.843064547,36.755520000,2
700,1667793518.909748077,26.217345000,2
701,1667793518.976430655,27.899374000,2
702,1667793519.043112516,32.312103000,2
703,1667793519.109793901,33.856312000,2
704,1667793519.176474571,30.288293000,2
705,1667793519.243154526,37.968507000,2
706,1667793519.309834957,35.805087000,2
707,1667793519.376152515,28.553758000,2
708,1667793519.443562269,29.264136000,2
709,1667793519.510980368,34.500937000,2
710,1667793519.578407526,37.758247000,2
711,1667793519.645842791,36.168246000,2
712,1667793519.713286638,37.632394000,2
713,1667793519.780739307,36.592394000,2
714,1667793519.848200083,35.552335000,2
715,1667793519.915669918,35.218776000,2
716,1667793520.050634861,29.167247000,2
717,1667793520.118129969,36.041728000,2
718,1667793520.185633898,26.576381000,2
719,1667793520.253146172,29.376585000,2
720,1667793520.320667505,27.900183000,2
721,1667793520.388839483,26.728413000,2
722,1667793520.455403805,28.781919000,2
723,1667793520.521965265,26.840057000,2
724,1667793520.588523865,26.987828000,2
725,1667793520.655080080,28.741855000,2
726,1667793520.721633434,37.306462000,2
727,1667793520.788184404,34.332664000,2
728,1667793520.854732752,26.011606000,2
729,1667793520.921278000,27.259856000,2
730,1667793520.987820864,29.873954000,2
731,1667793521.054361105,29.187990000,2
732,1667793521.187433243,34.859085000,2
733,1667793521.253965616,26.242959000,2
734,1667793521.320495129,33.820112000,2
735,1667793521.387022018,26.721763000,2
736,1667793521.453408480,28.055004000,2
737,1667793521.520742178,26.688836000,2
738,1667793521.588083029,33.693204000,2
739,1667793521.655430794,26.112438000,2
740,1667793521.722786188,32.721040000,2
741,1667793521.790148497,27.036219000,2
742,1667793521.857517719,29.254172000,2
743,1667793521.924894571,31.820592000,2
744,1667793521.992278337,28.962724000,2
745,1667793522.059669256,36.876857000,2
746,1667793522.127067327,35.753498000,2
747,1667793522.194472551,30.644306000,2
748,1667793522.261884928,37.500455000,2
749,1667793522.329304695,27.320151000,2
750,1667793522.396731377,27.514291000,2
751,1667793522.464550257,31.034891000,2
752,1667793522.531037331,27.148862000,2
753,1667793522.597520590,31.064555000,2
754,1667793522.663999557,29.428730000,2
755,1667793522.730474949,37.377360000,2
756,1667793522.796946287,38.023869000,2
757,1667793522.863413334,36.573196000,2
758,1667793522.929876566,35.514123000,2
759,1667793522.996335983,35.954142000,2
760,1667793523.062791109,29.868209000,2
761,1667793523.129242420,36.498319000,2
762,1667793523.195689678,30.052812000,2
763,1667793523.262133360,37.340886000,2
764,1667793523.328572750,33.953723000,2
765,1667793523.395008087,27.585048000,2
766,1667793523.461439371,27.398910000,2
767,1667793523.528032541,31.021204000,2
768,1667793523.595292330,38.516536000,2
769,1667793523.662557840,38.274080000,2
770,1667793523.729829311,37.601651000,2
771,1667793523.797106743,38.161603000,2
772,1667793523.864389658,36.977546000,2
773,1667793523.931678772,29.373480000,2
774,1667793523.998973370,28.942868000,2
775,1667793524.066274166,35.452566000,2
776,1667793524.133580685,37.937870000,2
777,1667793524.200892925,30.297581000,2
778,1667793524.268210888,38.535293000,2
779,1667793524.335534811,38.709178000,2
780,1667793524.402864456,35.192131000,2
781,1667793524.470200300,34.588692000,2
782,1667793524.537677050,35.390781000,2
783,1667793524.604085922,34.890444000,2
784,1667793524.736887693,37.899636000,2
785,1667793524.869668961,37.868634000,2
786,1667793524.936051607,38.977786000,2
787,1667793525.002428770,26.688349000,2
788,1667793525.068800688,27.358378000,2
789,1667793525.135167599,29.459693000,2
790,1667793525.267884970,30.069595000,2
791,1667793525.334235907,36.616322000,2
792,1667793525.400581598,36.474023000,2
793,1667793525.466921806,38.934720000,2
794,1667793525.532871723,37.167155000,2
795,1667793525.600052118,39.284022000,2
796,1667793525.667236805,41.683665000,2
797,1667793525.734426022,30.851625000,2
798,1667793525.801619530,30.133022000,2
799,1667793525.868817806,30.422713000,2
800,1667793525.936020851,33.915317000,2
801,1667793526.003227711,35.036053000,2
802,1667793526.070439339,33.787288000,2
803,1667793526.137655497,35.884220000,2
804,1667793526.204876184,37.059195000,2
805,1667793526.272101641,26.773409000,2
806,1667793526.339331150,29.382553000,2
807,1667793526.406565428,27.306549000,2
808,1667793526.473803997,34.298831000,2
809,1667793526.541851044,35.448237000,2
810,1667793526.608191252,29.458520000,2
811,1667793526.674524784,29.989449000,2
812,1667793526.740851641,38.148033000,2
813,1667793526.807171822,37.338296000,2
814,1667793526.873485565,37.873166000,2
815,1667793526.939792871,35.484849000,2
816,1667793527.006093740,36.436662000,2
817,1667793527.072387934,37.064868000,2
818,1667793527.138675690,30.284357000,2
819,1667793527.204956770,27.500372000,2
820,1667793527.271231413,26.833446000,2
821,1667793527.337499619,37.942031000,2
822,1667793527.403761148,35.877258000,2
823,1667793527.470016003,26.600433000,2
824,1667793527.536264658,27.522295000,2
825,1667793527.602391005,34.120028000,2
826,1667793527.669498682,36.961163000,2
827,1667793527.736609697,36.333917000,2
828,1667793527.803723574,37.199077000,2
829,1667793527.870840788,37.304135000,2
830,1667793527.937961102,28.425825000,2
831,1667793528.005084753,30.334891000,2
832,1667793528.072211742,36.167878000,2
833,1667793528.139341593,33.871367000,2
834,1667793528.206474781,34.380313000,2
835,1667793528.273611307,35.332159000,2
836,1667793528.340750933,32.896198000,2
837,1667793528.407894135,35.239045000,2
838,1667793528.475039959,28.480835000,2
839,1667793528.542189121,27.997680000,2
840,1667793528.609898329,26.884752000,2
841,1667793528.676165819,34.195171000,2
842,1667793528.742425442,35.542685000,2
843,1667793528.808677673,36.344679000,2
844,1667793528.874921799,35.798491000,2
845,1667793528.941158772,37.460812000,2
846,1667793529.007387161,26.407104000,2
847,1667793529.073608160,27.335206000,2
848,1667793529.139821291,32.940586000,2
849,1667793529.206026793,35.891672000,2
850,1667793529.272224426,38.484592000,2
851,1667793529.338414192,30.650541000,2
852,1667793529.404596567,30.543537000,2
853,1667793529.470771313,34.181196000,2
854,1667793529.536937714,27.623426000,2
855,1667793529.603096724,28.260272000,2
856,1667793529.669395685,28.030582000,2
857,1667793529.736429214,28.464683000,2
858,1667793529.803464651,28.007191000,2
859,1667793529.870501995,36.375796000,2
860,1667793529.937541008,34.373355000,2
861,1667793530.004582405,35.317681000,2
862,1667793530.071625710,30.460855000,2
863,1667793530.138670683,32.205478000,2
864,1667793530.205717564,34.121970000,2
865,1667793530.272766352,31.065126000,2
866,1667793530.339817047,32.810810000,2
867,1667793530.406870127,33.838590000,2
868,1667793530.540981054,28.013054000,2
869,1667793530.608039379,37.693205000,2
870,1667793530.675419331,35.765705000,2
871,1667793530.741613865,39.506883000,2
872,1667793530.807799101,35.066044000,2
873,1667793530.873975515,33.848706000,2
874,1667793530.940143108,27.745545000,2
875,1667793531.006301403,29.485945000,2
876,1667793531.072450876,28.429111000,2
877,1667793531.138591290,36.196994000,2
878,1667793531.204722881,37.683225000,2
879,1667793531.270845413,37.854548000,2
880,1667793531.336958885,27.027680000,2
881,1667793531.403063536,27.628304000,2
882,1667793531.469159126,29.696343000,2
883,1667793531.535245657,26.585292000,2
884,1667793531.601322889,27.355479000,2
885,1667793531.667351007,27.286329000,2
886,1667793531.733548403,33.074364000,2
887,1667793531.799735785,27.035424000,2
888,1667793531.865915060,35.223013000,2
889,1667793531.932085037,27.478808000,2
890,1667793531.998246193,26.744331000,2
891,1667793532.064398050,39.218329000,2
892,1667793532.130541325,28.280674000,2
893,1667793532.196675301,29.618525000,2
894,1667793532.262800455,37.404010000,2
895,1667793532.328916788,37.264147000,2
896,1667793532.395023823,26.741359000,2
897,1667793532.461122036,27.014279000,2
898,1667793532.527211428,36.154160000,2
899,1667793532.593291521,25.828103000,2
900,1667793532.659365177,26.104640000,2
901,1667793532.725566864,34.988976000,2
902,1667793532.791760206,25.527023000,2
903,1667793532.857944250,27.842996000,2
904,1667793532.924119473,32.534038000,2
905,1667793532.990285635,25.020928000,2
906,1667793533.056442976,28.848921000,2
907,1667793533.122591019,28.174796000,2
908,1667793533.188730478,36.317457000,2
909,1667793533.254860878,36.068119000,2
910,1667793533.320982218,34.607331000,2
911,1667793533.387094736,25.865037000,2
912,1667793533.453198195,27.394244000,2
913,1667793533.519292831,24.574928000,2
914,1667793533.585378408,34.119440000,2
915,1667793533.651290178,25.275548000,2
916,1667793533.717907906,27.680988000,2
917,1667793533.784527540,24.347925000,2
918,1667793533.851149082,25.606903000,2
919,1667793533.917772770,30.063009000,2
920,1667793533.984398127,35.530479000,2
921,1667793534.051025391,37.135972000,2
922,1667793534.117654562,31.737908000,2
923,1667793534.184285641,34.798370000,2
924,1667793534.250918627,31.635702000,2
925,1667793534.317553520,34.699562000,2
926,1667793534.384190321,27.172912000,2
927,1667793534.450829029,29.971175000,2
928,1667793534.517469645,35.121342000,2
929,1667793534.584112406,37.293060000,2
930,1667793534.650893927,39.614215000,2
931,1667793534.717169523,24.795856000,2
932,1667793534.783437014,25.569915000,2
933,1667793534.849697113,23.646353000,2
934,1667793534.915949106,30.216836000,2
935,1667793534.982193708,26.909947000,2
936,1667793535.048429966,39.103098000,2
937,1667793535.114659071,32.490952000,2
938,1667793535.180880308,34.426453000,2
939,1667793535.247093916,24.924080000,2
940,1667793535.313299894,27.829127000,2
941,1667793535.379497766,35.646201000,2
942,1667793535.445688009,40.932431000,2
943,1667793535.511870623,35.675705000,2
944,1667793535.578045368,34.659027000,2
945,1667793535.644051313,33.697709000,2
946,1667793535.710742950,34.317564000,2
947,1667793535.777437687,24.763255000,2
948,1667793535.910837412,31.865760000,2
949,1667793535.977541685,32.240246000,2
950,1667793536.044249535,34.851251000,2
951,1667793536.110960484,33.104448000,2
952,1667793536.177674532,32.722826000,2
953,1667793536.244391918,33.089441000,2
954,1667793536.311112404,36.288722000,2
955,1667793536.377836227,35.861052000,2
956,1667793536.444562912,37.300055000,2
957,1667793536.578026295,34.370563000,2
958,1667793536.644897938,34.211848000,2
959,1667793536.711246252,33.239168000,2
960,1667793536.777588129,37.557521000,2
961,1667793536.843923569,34.572514000,2
962,1667793536.910252571,35.408844000,2
963,1667793536.976574898,35.450092000,2
964,1667793537.042890787,26.375350000,2
965,1667793537.109200478,27.907791000,2
966,1667793537.175503731,35.664678000,2
967,1667793537.241799831,33.322306000,2
968,1667793537.308089972,25.208535000,2
969,1667793537.374373198,26.980394000,2
970,1667793537.440650463,25.379635000,2
971,1667793537.506920815,25.453233000,2
972,1667793537.573184729,25.484848000,2
973,1667793537.639285564,26.344027000,2
974,1667793537.706050158,24.259088000,2
975,1667793537.772818804,34.211951000,2
976,1667793537.839592218,27.599037000,2
977,1667793537.906370401,30.664943000,2
978,1667793537.973152399,29.828868000,2
979,1667793538.039939404,34.688296000,2
980,1667793538.106730700,36.162338000,2
981,1667793538.173526287,35.996870000,2
982,1667793538.240326643,27.163592000,2
983,1667793538.307131290,28.294351000,2
984,1667793538.373940468,30.102721000,2
985,1667793538.440754175,34.233015000,2
986,1667793538.507572174,32.282409000,2
987,1667793538.574394703,34.770698000,2
988,1667793538.641356468,36.489278000,2
989,1667793538.707775831,34.333749000,2
990,1667793538.774189711,35.702291000,2
991,1667793538.840598822,25.023878000,2
992,1667793538.907002687,25.721267000,2
993,1667793538.973400831,24.839754000,2
994,1667793539.039794207,33.783559000,2
995,1667793539.172564745,25.536728000,2
996,1667793539.238941908,29.452021000,2
997,1667793539.305314302,32.586409000,2
998,1667793539.371680975,24.909707000,2
999,1667793539.438042641,26.158284000,2
1000,1667793539.504398823,30.016426000,2
1001,1667793539.570749998,26.458052000,2
1002,1667793539.703780890,33.361558000,2
1003,1667793539.770625830,34.196193000,2
1004,1667793539.837476015,32.321972000,2
1005,1667793539.904332399,33.414264000,2
1006,1667793539.971194267,24.265727000,2
1007,1667793540.038062096,36.176660000,2
1008,1667793540.104935884,24.460345000,2
1009,1667793540.171815157,26.527654000,2
1010,1667793540.238700390,27.038777000,2
1011,1667793540.305591345,36.570574000,2
1012,1667793540.372488260,34.181833000,2
1013,1667793540.439390898,32.814860000,2
1014,1667793540.506299019,34.314150000,2
1015,1667793540.573213339,33.846482000,2
1016,1667793540.640133619,31.986080000,2
1017,1667793540.706734419,35.009045000,2
1018,1667793540.773989677,35.537928000,2
1019,1667793540.841250896,34.433575000,2
1020,1667793540.908517838,35.700712000,2
1021,1667793540.975790262,35.296594000,2
1022,1667793541.043068886,25.803998000,2
1023,1667793541.110352755,28.472924000,2
1024,1667793541.177642822,24.679547000,2
1025,1667793541.244938135,28.350399000,2
1026,1667793541.312239647,26.894247000,2
1027,1667793541.379546881,24.745596000,2
1028,1667793541.446859598,25.880607000,2
1029,1667793541.514178276,24.856505000,2
1030,1667793541.581502676,36.374908000,2
1031,1667793541.648832798,35.998021000,2
1032,1667793541.716168404,34.421036000,2
1033,1667793541.783020020,25.952509000,2
1034,1667793541.849877596,32.926965000,2
1035,1667793541.916741133,31.727666000,2
1036,1667793541.983610630,34.760168000,2
1037,1667793542.050486088,26.005024000,2
1038,1667793542.117367744,27.928017000,2
1039,1667793542.184255123,36.166021000,2
1040,1667793542.251148462,30.005053000,2
1041,1667793542.318047523,26.136896000,2
1042,1667793542.451864243,33.700262000,2
1043,1667793542.518781424,25.225398000,2
1044,1667793542.585704803,24.818784000,2
1045,1667793542.652633905,35.314783000,2
1046,1667793542.719057322,36.122059000,2
1047,1667793542.786313295,37.745155000,2
1048,1667793542.853574991,26.025253000,2
1049,1667793542.920842648,28.088243000,2
1050,1667793542.988116026,24.520170000,2
1051,1667793543.055395365,25.894921000,2
1052,1667793543.122679949,28.717636000,2
1053,1667793543.189971209,36.814078000,2
1054,1667793543.257267714,32.708610000,2
1055,1667793543.324570656,27.025328000,2
1056,1667793543.391878843,27.786909000,2
1057,1667793543.459193230,25.600722000,2
1058,1667793543.526513100,35.466915000,2
1059,1667793543.593839169,34.125252000,2
1060,1667793543.661170959,37.322999000,2
1061,1667793543.728906870,34.663223000,2
1062,1667793543.795752048,35.903320000,2
1063,1667793543.862602234,29.091778000,2
1064,1667793543.929459095,25.642196000,2
1065,1667793543.996321440,34.604188000,2
1066,1667793544.063189983,34.060554000,2
1067,1667793544.196944714,35.418921000,2
1068,1667793544.263831139,33.729938000,2
1069,1667793544.330723286,37.260320000,2
1070,1667793544.397621870,36.870250000,2
1071,1667793544.464525938,27.255409000,2
1072,1667793544.531435966,26.535523000,2
1073,1667793544.598351955,35.444301000,2
1074,1667793544.665274143,28.451893000,2
1075,1667793544.732520342,28.755118000,2
1076,1667793544.799014807,35.922945000,2
1077,1667793544.865505934,25.771096000,2
1078,1667793544.998476267,25.814007000,2
1079,1667793545.064955473,26.727873000,2
1080,1667793545.131430864,26.193613000,2
1081,1667793545.197902679,37.326692000,2
1082,1667793545.264370203,27.071257000,2
1083,1667793545.330833673,27.160954000,2
1084,1667793545.397293806,25.998870000,2
1085,1667793545.463749647,26.804931000,2
1086,1667793545.530201674,27.917992000,2
1087,1667793545.596649885,32.703734000,2
1088,1667793545.663094282,27.862249000,2
1089,1667793545.729179382,27.854921000,2
1090,1667793545.796091795,31.859306000,2
1091,1667793545.863011122,28.606267000,2
1092,1667793545.929938078,31.329755000,2
1093,1667793545.996871710,29.744704000,2
1094,1667793546.063812494,32.614524000,2
1095,1667793546.130760908,35.903055000,2
1096,1667793546.197716236,38.163385000,2
1097,1667793546.264678717,37.293997000,2
1098,1667793546.331648350,34.059678000,2
1099,1667793546.398625135,38.776943000,2
1100,1667793546.465609312,36.158285000,2
1101,1667793546.532600641,35.042951000,2
1102,1667793546.599598885,37.028632000,2
1103,1667793546.666604519,36.440774000,2
1104,1667793546.733946323,31.649111000,2
1105,1667793546.800515652,30.334006000,2
1106,1667793546.867082596,29.752647000,2
1107,1667793546.933646917,29.403760000,2
1108,1667793547.000208855,28.991448000,2
1109,1667793547.066767931,38.070404000,2
1110,1667793547.133324385,28.922811000,2
1111,1667793547.199878454,30.324122000,2
1112,1667793547.266429901,34.703091000,2
1113,1667793547.332978725,33.753293000,2
1114,1667793547.399524927,32.302063000,2
1115,1667793547.466068506,39.600613000,2
1116,1667793547.532609701,36.192020000,2
1117,1667793547.599148273,38.246725000,2
1118,1667793547.665683985,38.315938000,2
1119,1667793547.732206345,37.074752000,2
1120,1667793547.798776627,36.317874000,2
1121,1667793547.865344286,26.346525000,2
1122,1667793547.931909323,28.063414000,2
1123,1667793547.998472214,31.622562000,2
1124,1667793548.065032005,35.954238000,2
1125,1667793548.131589413,38.657311000,2
1126,1667793548.198144197,40.512180000,2
1127,1667793548.264696598,36.147258000,2
1128,1667793548.331246138,37.871286000,2
1129,1667793548.397793293,31.383468000,2
1130,1667793548.464337587,29.912973000,2
1131,1667793548.530879736,42.228178000,2
1132,1667793548.597419024,31.543656000,2
1133,1667793548.663955450,30.481761000,2
1134,1667793548.730489969,30.037035000,2
1135,1667793548.796785831,38.503272000,2
1136,1667793548.864119291,29.339519000,2
1137,1667793548.931460142,28.971751000,2
1138,1667793548.998808384,33.934197000,2
1139,1667793549.133525848,37.659424000,2
1140,1667793549.200895309,40.204838000,2
1141,1667793549.268271923,35.598479000,2
1142,1667793549.335655689,38.532368000,2
1143,1667793549.403046608,37.058002000,2
1144,1667793549.470444918,36.183653000,2
1145,1667793549.537850142,36.580508000,2
1146,1667793549.605262518,42.875277000,2
1147,1667793549.672682047,30.296396000,2
1148,1667793549.740108967,30.024594000,2
1149,1667793549.808007717,29.026442000,2
1150,1667793549.874500751,32.958163000,2
1151,1667793549.940989733,37.404270000,2
1152,1667793550.007474899,40.101617000,2
1153,1667793550.073956013,31.312473000,2
1154,1667793550.140433311,31.114109000,2
1155,1667793550.206906796,39.889493000,2
1156,1667793550.273376226,28.779986000,2
1157,1667793550.339841604,29.159725000,2
1158,1667793550.406303167,28.412798000,2
1159,1667793550.539214611,27.847243000,2
1160,1667793550.605664492,37.867305000,2
1161,1667793550.738552570,29.156301000,2
1162,1667793550.804962635,28.258978000,2
1163,1667793550.937943697,29.083026000,2
1164,1667793551.004428387,34.744531000,2
1165,1667793551.070909262,27.457943000,2
1166,1667793551.137386084,27.866957000,2
1167,1667793551.203858852,27.262555000,2
1168,1667793551.270327806,27.371960000,2
1169,1667793551.336792946,28.104555000,2
1170,1667793551.403254032,36.657356000,2
1171,1667793551.469711065,26.418417000,2
1172,1667793551.536164522,28.293159000,2
1173,1667793551.602613688,29.003256000,2
1174,1667793551.669059277,26.173943000,2
1175,1667793551.735500813,25.634370000,2
1176,1667793551.801929951,37.181537000,2
1177,1667793551.868427277,34.352483000,2
1178,1667793551.934920549,32.703048000,2
1179,1667793552.001410007,25.713572000,2
1180,1667793552.067895412,27.724343000,2
1181,1667793552.134377480,30.576792000,2
1182,1667793552.200855255,43.169855000,2
1183,1667793552.267329216,38.035986000,2
1184,1667793552.400265694,26.403671000,2
1185,1667793552.466727972,35.111383000,2
1186,1667793552.533186674,40.798713000,2
1187,1667793552.599641085,24.854810000,2
1188,1667793552.666091919,25.649256000,2
1189,1667793552.732539177,34.545763000,2
1190,1667793552.798954725,36.168768000,2
1191,1667793552.865450382,26.371099000,2
1192,1667793552.931942225,28.991170000,2
1193,1667793552.998429775,36.773078000,2
1194,1667793553.064913511,25.986596000,2
1195,1667793553.131393909,30.258374000,2
1196,1667793553.197869539,24.734847000,2
1197,1667793553.264341593,25.051193000,2
1198,1667793553.330809832,31.297042000,2
1199,1667793553.397274256,34.431022000,2
1200,1667793553.463734627,34.485325000,2
1201,1667793553.530191183,27.779552000,2
1202,1667793553.596643686,26.483196000,2
1203,1667793553.663092852,32.843409000,2
1204,1667793553.729537487,25.030748000,2
1205,1667793553.795966864,32.558167000,2
1206,1667793553.862463474,32.119396000,2
1207,1667793553.928955793,35.742934000,2
1208,1667793553.995444298,36.555427000,2
1209,1667793554.061928988,31.167545000,2
1210,1667793554.128409863,37.253972000,2
1211,1667793554.194886684,25.319064000,2
1212,1667793554.261359930,26.289187000,2
1213,1667793554.394294262,36.045299000,2
1214,1667793554.460755825,36.608455000,2
1215,1667793554.527213097,36.942495000,2
1216,1667793554.593666792,34.754671000,2
1217,1667793554.660116196,33.775396000,2
1218,1667793554.726562262,32.307652000,2
1219,1667793554.792976618,35.115367000,2
1220,1667793554.859471321,24.444145000,2
1221,1667793554.925962687,25.233824000,2
1222,1667793554.992449760,36.556524000,2
1223,1667793555.058933020,34.990541000,2
1224,1667793555.125412464,25.425052000,2
1225,1667793555.191887617,27.407441000,2
1226,1667793555.258359194,30.818376000,2
1227,1667793555.324826717,33.952968000,2
1228,1667793555.524205685,35.205869000,2
1229,1667793555.590657234,23.985630000,2
1230,1667793555.657105207,25.883317000,2
1231,1667793555.723549128,24.277368000,2
1232,1667793555.789972544,25.647290000,2
1233,1667793555.856467247,31.294532000,2
1234,1667793555.922957897,25.255782000,2
1235,1667793555.989444494,26.801252000,2
1236,1667793556.055927753,34.767547000,2
1237,1667793556.122406721,24.822798000,2
1238,1667793556.188881636,26.025333000,2
1239,1667793556.255352736,27.366840000,2
1240,1667793556.321820021,26.104342000,2
1241,1667793556.388283253,26.553965000,2
1242,1667793556.454742193,33.898641000,2
1243,1667793556.521197557,25.175562000,2
1244,1667793556.587648869,26.571980000,2
1245,1667793556.654096127,27.136545000,2
1246,1667793556.720539808,27.012803000,2
1247,1667793556.786747217,28.151115000,2
1248,1667793556.853661299,26.441426000,2
1249,1667793556.920582294,33.303777000,2
1250,1667793556.987510443,36.305282000,2
1251,1667793557.054445982,26.502769000,2
1252,1667793557.121388435,26.794155000,2
1253,1667793557.188338280,29.321110000,2
1254,1667793557.255295277,36.652858000,2
1255,1667793557.322259188,34.113332000,2
1256,1667793557.389230967,35.264572000,2
1257,1667793557.456208944,29.498261000,2
1258,1667793557.523194790,27.036073000,2
1259,1667793557.590187550,28.694694000,2
1260,1667793557.657187700,34.208338000,2
1261,1667793557.724194527,35.859856000,2
1262,1667793557.791208982,25.801218000,2
1263,1667793557.857827187,26.613589000,2
1264,1667793557.925160170,26.665011000,2
1265,1667793557.992500782,28.502478000,2
1266,1667793558.059848547,36.826399000,2
1267,1667793558.127203703,35.633240000,2
1268,1667793558.194565535,29.293277000,2
1269,1667793558.261934519,28.729929000,2
1270,1667793558.329310894,26.666198000,2
1271,1667793558.396694422,33.656773000,2
1272,1667793558.464085102,26.544313000,2
1273,1667793558.531482697,30.316331000,2
1274,1667793558.598887444,30.048560000,2
1275,1667793558.666299582,38.071338000,2
1276,1667793558.733718634,28.264181000,2
1277,1667793558.868699551,26.126149000,2
1278,1667793558.935617447,27.015826000,2
1279,1667793559.002542734,36.452976000,2
1280,1667793559.069475651,26.043110000,2
1281,1667793559.136415243,28.820302000,2
1282,1667793559.203361988,26.699417000,2
1283,1667793559.270316124,33.527468000,2
1284,1667793559.337277651,36.222521000,2
1285,1667793559.404246092,33.761579000,2
1286,1667793559.471221685,37.710938000,2
1287,1667793559.538204670,30.597516000,2
1288,1667793559.605194569,30.546605000,2
1289,1667793559.672191858,34.092676000,2
1290,1667793559.739196301,37.522366000,2
1291,1667793559.806207657,35.960447000,2
1292,1667793559.873298883,36.045760000,2
1293,1667793559.939866543,36.371482000,2
1294,1667793560.006431341,30.589584000,2
1295,1667793560.072993994,28.419196000,2
1296,1667793560.139553785,31.409215000,2
1297,1667793560.206110954,38.867302000,2
1298,1667793560.272665501,26.521538000,2
1299,1667793560.339217424,27.601872000,2
1300,1667793560.405767202,27.619567000,2
1301,1667793560.472313881,23.808125000,2
1302,1667793560.538858175,34.127051000,2
1303,1667793560.605399847,34.441957000,2
1304,1667793560.738475323,27.060091000,2
1305,1667793560.805009365,35.093306000,2
1306,1667793560.871549845,34.145263000,2
1307,1667793560.938116312,37.328398000,2
1308,1667793561.004679918,35.203129000,2
1309,1667793561.071240902,32.928871000,2
1310,1667793561.137799501,35.526131000,2
1311,1667793561.204355478,26.276397000,2
1312,1667793561.270908594,27.876109000,2
1313,1667793561.337459087,28.214986000,2
1314,1667793561.404007196,28.069773000,2
1315,1667793561.470552206,30.776374000,2
1316,1667793561.537095070,35.938958000,2
1317,1667793561.603635311,34.756039000,2
1318,1667793561.670172691,33.592510000,2
1319,1667793561.736707211,36.856124000,2
1320,1667793561.803239584,35.691926000,2
1321,1667793561.869762421,27.949810000,2
1322,1667793561.936329842,38.418657000,2
1323,1667793562.002894402,34.667564000,2
1324,1667793562.069456339,35.064036000,2
1325,1667793562.136015654,35.459868000,2
1326,1667793562.202572346,36.037296000,2
1327,1667793562.269126415,33.890588000,2
1328,1667793562.335677862,34.485812000,2
1329,1667793562.402226925,37.167742000,2
1330,1667793562.468773127,32.809045000,2
1331,1667793562.535316944,26.000188000,2
1332,1667793562.601857901,31.417905000,2
1333,1667793562.668396235,37.386330000,2
1334,1667793562.734931946,32.488667000,2
1335,1667793562.801465034,34.296729000,2
1336,1667793562.868000746,38.486280000,2
1337,1667793563.001135826,35.700255000,2
1338,1667793563.134260178,36.234612000,2
1339,1667793563.200818539,35.633761000,2
1340,1667793563.267374277,39.608051000,2
1341,1667793563.333927393,36.047292000,2
1342,1667793563.400478125,38.822758000,2
1343,1667793563.467025995,34.885524000,2
1344,1667793563.533571243,32.741470000,2
1345,1667793563.600114107,37.188070000,2
1346,1667793563.666654110,36.311255000,2
1347,1667793563.733191729,33.921927000,2
1348,1667793563.799726486,35.973760000,2
1349,1667793563.866252661,35.927715000,2
1350,1667793563.932819366,26.364318000,2
1351,1667793563.999383450,26.763894000,2
1352,1667793564.065944910,33.289622000,2
1353,1667793564.132503748,38.407859000,2
1354,1667793564.199059725,30.160051000,2
1355,1667793564.332164288,31.563163000,2
1356,1667793564.398712635,34.571905000,2
1357,1667793564.465258121,30.553456000,2
1358,1667793564.531801462,28.913967000,2
1359,1667793564.664879322,33.271770000,2
1360,1667793564.731414318,27.850148000,2
1361,1667793564.797946692,29.938717000,2
1362,1667793564.864373922,33.251966000,2
1363,1667793564.931365013,27.722089000,2
1364,1667793564.998364210,28.867507000,2
1365,1667793565.065372229,28.809365000,2
1366,1667793565.132388830,26.625534000,2
1367,1667793565.199413776,29.186541000,2
1368,1667793565.266447544,34.187180000,2
1369,1667793565.333489418,33.231682000,2
1370,1667793565.400540352,43.929558000,2
1371,1667793565.467599392,26.384358000,2
1372,1667793565.534667015,26.697760000,2
1373,1667793565.601743221,23.572636000,2
1374,1667793565.668827534,34.824228000,2
1375,1667793565.735921144,32.118488000,2
1376,1667793565.803022861,35.949073000,2
1377,1667793565.870217800,37.924717000,2
1378,1667793565.936861753,34.179060000,2
1379,1667793566.003504276,34.470959000,2
1380,1667793566.070146084,30.645080000,2
1381,1667793566.136786222,35.611001000,2
1382,1667793566.203424931,35.604665000,2
1383,1667793566.270062685,34.875783000,2
1384,1667793566.336699247,33.133516000,2
1385,1667793566.403334141,38.511206000,2
1386,1667793566.469968319,36.784583000,2
1387,1667793566.536600828,28.704767000,2
1388,1667793566.603232145,29.969928000,2
1389,1667793566.669862032,30.842039000,2
1390,1667793566.736490965,35.909591000,2
1391,1667793566.803118706,35.590816000,2
1392,1667793566.869748592,37.093413000,2
1393,1667793566.936390400,38.293966000,2
1394,1667793567.003031254,34.218427000,2
1395,1667793567.069670916,36.509552000,2
1396,1667793567.136309147,41.170680000,2
1397,1667793567.202945948,39.060576000,2
1398,1667793567.269581795,39.040608000,2
1399,1667793567.402849197,41.128926000,2
1400,1667793567.469480991,26.431441000,2
1401,1667793567.536111355,27.474110000,2
1402,1667793567.602740526,29.323931000,2
1403,1667793567.669368267,34.183615000,2
1404,1667793567.735994577,39.720087000,2
1405,1667793567.802619934,35.223695000,2
1406,1667793567.869239807,35.034228000,2
1407,1667793567.935883045,34.945012000,2
1408,1667793568.002524853,37.343113000,2
1409,1667793568.069165707,37.418598000,2
1410,1667793568.135805130,38.473971000,2
1411,1667793568.202443123,38.366613000,2
1412,1667793568.269080162,37.180652000,2
1413,1667793568.335715532,31.162687000,2
1414,1667793568.402349710,30.455532000,2
1415,1667793568.468982697,29.398944000,2
1416,1667793568.535614491,33.971435000,2
1417,1667793568.602244854,38.689427000,2
1418,1667793568.668873787,35.202900000,2
1419,1667793568.735501766,29.957302000,2
1420,1667793568.802128077,30.077684000,2
1421,1667793568.868753433,26.738195000,2
1422,1667793568.935395479,29.470785000,2
1423,1667793569.002036333,25.302510000,2
1424,1667793569.068675756,23.722059000,2
1425,1667793569.135313988,25.177424000,2
1426,1667793569.201951027,28.931211000,2
1427,1667793569.268586397,23.632301000,2
1428,1667793569.335220814,25.769321000,2
1429,1667793569.401853323,27.284300000,2
1430,1667793569.468485117,24.524959000,2
1431,1667793569.535115480,31.451232000,2
1432,1667793569.601744413,34.496392000,2
1433,1667793569.668372154,38.058631000,2
1434,1667793569.734998465,37.887914000,2
1435,1667793569.801623583,37.805520000,2
1436,1667793569.868255377,31.496803000,2
1437,1667793569.934897661,31.787902000,2
1438,1667793570.001538277,33.517438000,2
1439,1667793570.068177700,30.448822000,2
1440,1667793570.134815931,35.373181000,2
1441,1667793570.268088102,34.807559000,2
1442,1667793570.334722281,24.074476000,2
1443,1667793570.401355028,25.107290000,2
1444,1667793570.467986345,24.283080000,2
1445,1667793570.534616470,34.755308000,2
1446,1667793570.601245403,24.887966000,2
1447,1667793570.667872906,25.593297000,2
1448,1667793570.734498978,28.170083000,2
1449,1667793570.801124096,33.892061000,2
1450,1667793570.867745161,25.113404000,2
1451,1667793570.934387207,25.602804000,2
1452,1667793571.001028299,33.869855000,2
1453,1667793571.067667961,29.702058000,2
1454,1667793571.134306192,25.818704000,2
1455,1667793571.200942993,30.511963000,2
1456,1667793571.267578840,28.592350000,2
1457,1667793571.334213257,28.405765000,2
1458,1667793571.400846481,25.265885000,2
1459,1667793571.467478037,36.739088000,2
1460,1667793571.534108639,24.395692000,2
1461,1667793571.600737810,25.769715000,2
1462,1667793571.667365551,24.711238000,2
1463,1667793571.733991861,34.919824000,2
1464,1667793571.800617218,24.785191000,2
1465,1667793571.867241144,25.646424000,2
1466,1667793571.934647322,24.540461000,2
1467,1667793572.002061844,35.564872000,2
1468,1667793572.069484949,30.201032000,2
1469,1667793572.136916399,36.095647000,2
1470,1667793572.204356432,36.924112000,2
1471,1667793572.271804810,26.823619000,2
1472,1667793572.339262009,26.183154000,2
1473,1667793572.406727314,25.884023000,2
1474,1667793572.474201202,34.291715000,2
1475,1667793572.541683674,25.050917000,2
1476,1667793572.609174252,27.279423000,2
1477,1667793572.676673889,25.239651000,2
1478,1667793572.744181871,32.203880000,2
1479,1667793572.879212856,28.149042000,2
1480,1667793572.945782423,35.137271000,2
1481,1667793573.012349367,33.277336000,2
1482,1667793573.078914165,25.745693000,2
1483,1667793573.145475626,28.186994000,2
1484,1667793573.212034702,24.905067000,2
1485,1667793573.278591394,32.504902000,2
1486,1667793573.345145226,25.319079000,2
1487,1667793573.411696672,25.800542000,2
1488,1667793573.478245258,26.132056000,2
1489,1667793573.544791698,35.582739000,2
1490,1667793573.611335516,30.533707000,2
1491,1667793573.677876472,25.814494000,2
1492,1667793573.744414806,26.741550000,2
1493,1667793573.810950756,26.106171000,2
1494,1667793573.877485991,25.440071000,2
1495,1667793573.944478512,26.334840000,2
1496,1667793574.011479378,34.000147000,2
1497,1667793574.078489304,33.061987000,2
1498,1667793574.145507574,38.775328000,2
1499,1667793574.212534189,28.566545000,2
1500,1667793574.279569626,29.188551000,2
1501,1667793574.346613646,32.690093000,2
1502,1667793574.413666248,24.452891000,2
1503,1667793574.480727196,31.871739000,2
1504,1667793574.547797203,25.362027000,2
1505,1667793574.614875317,26.410425000,2
1506,1667793574.681962252,26.142333000,2
1507,1667793574.749057531,32.395954000,2
1508,1667793574.816161633,25.223504000,2
1509,1667793574.883384466,26.028259000,2
1510,1667793574.950025558,26.204639000,2
1511,1667793575.016665697,25.080083000,2
1512,1667793575.083304167,25.852389000,2
1513,1667793575.149941683,26.266814000,2
1514,1667793575.216577291,27.775044000,2
1515,1667793575.283212185,28.300444000,2
1516,1667793575.349845171,35.945084000,2
1517,1667793575.416477203,34.455926000,2
1518,1667793575.483107567,29.284526000,2
1519,1667793575.549736977,27.103763000,2
1520,1667793575.616364717,26.142115000,2
1521,1667793575.682991505,28.937044000,2
1522,1667793575.749616385,24.810490000,2
1523,1667793575.816240549,26.304963000,2
1524,1667793575.882846117,26.122246000,2
1525,1667793575.949487925,24.467170000,2
1526,1667793576.016128302,25.090744000,2
1527,1667793576.082767248,25.655758000,2
1528,1667793576.149405003,33.630792000,2
1529,1667793576.216041565,24.253990000,2
1530,1667793576.282676458,27.977351000,2
1531,1667793576.349310398,28.427618000,2
1532,1667793576.482573748,30.930712000,2
1533,1667793576.549203634,26.467812000,2
1534,1667793576.615832090,25.177433000,2
1535,1667793576.682459116,24.188970000,2
1536,1667793576.749084949,31.812362000,2
1537,1667793576.882324696,26.502918000,2
1538,1667793576.948968172,31.567281000,2
1539,1667793577.015610933,24.679140000,2
1540,1667793577.082252026,26.876543000,2
1541,1667793577.148891926,28.322407000,2
1542,1667793577.215530157,24.675908000,2
1543,1667793577.282167435,26.535845000,2
1544,1667793577.348803282,25.095007000,2
1545,1667793577.482070923,29.444055000,2
1546,1667793577.548703194,25.538041000,2
1547,1667793577.615333796,27.779827000,2
1548,1667793577.681963205,27.535928000,2
1549,1667793577.748590946,35.021563000,2
1550,1667793577.815217972,26.912964000,2
1551,1667793577.881826162,25.934133000,2
1552,1667793577.948471308,28.945187000,2
1553,1667793578.015114784,35.473111000,2
1554,1667793578.081757069,25.744216000,2
1555,1667793578.148398161,29.033281000,2
1556,1667793578.215037584,32.705637000,2
1557,1667793578.281676531,24.650826000,2
1558,1667793578.348313808,26.692971000,2
1559,1667793578.414949417,25.582941000,2
1560,1667793578.481584311,24.718283000,2
1561,1667793578.548217535,33.153409000,2
1562,1667793578.614849567,26.547694000,2
1563,1667793578.681480408,27.362400000,2
1564,1667793578.814738035,33.225956000,2
1565,1667793578.881356716,25.126023000,2
1566,1667793578.948002100,27.012456000,2
1567,1667793579.014646530,26.010616000,2
1568,1667793579.081289530,23.519298000,2
1569,1667793579.147931337,26.220277000,2
1570,1667793579.214571714,26.804300000,2
1571,1667793579.281211138,26.576848000,2
1572,1667793579.347849131,25.250216000,2
1573,1667793579.414485931,27.007307000,2
1574,1667793579.547755480,25.999227000,2
1575,1667793579.614388227,25.385062000,2
1576,1667793579.681020021,26.900397000,2
1577,1667793579.747649908,26.418197000,2
1578,1667793579.814279079,26.358840000,2
1579,1667793579.880890846,25.505606000,2
1580,1667793579.947536469,26.734099000,2
1581,1667793580.014180899,26.238107000,2
1582,1667793580.080823898,26.129628000,2
1583,1667793580.147465467,25.248171000,2
1584,1667793580.214106083,26.081085000,2
1585,1667793580.280745268,27.074957000,2
1586,1667793580.347383261,25.233774000,2
1587,1667793580.414019823,36.036449000,2
1588,1667793580.480655193,24.917234000,2
1589,1667793580.547289371,25.988449000,2
1590,1667793580.613922119,25.303245000,2
1591,1667793580.680553436,24.886291000,2
1592,1667793580.747183561,25.726885000,2
1593,1667793580.813812494,26.545019000,2
1594,1667793580.880433083,28.378206000,2
1595,1667793581.013717175,32.851895000,2
1596,1667793581.080357313,24.874101000,2
1597,1667793581.146996021,25.217872000,2
1598,1667793581.213633537,25.543499000,2
1599,1667793581.346904516,34.972218000,2
1600,1667793581.413537979,25.735627000,2
1601,1667793581.480170250,25.650764000,2
1602,1667793581.546801329,25.600813000,2
1603,1667793581.613430738,27.823722000,2
1604,1667793581.680058956,23.948775000,2
1605,1667793581.746685743,25.566029000,2
1606,1667793581.813311577,25.218326000,2
1607,1667793581.879935741,25.284340000,2
1608,1667793581.946161270,24.325059000,2
1609,1667793582.013568401,25.140375000,2
1610,1667793582.080984592,27.962730000,2
1611,1667793582.215841770,24.846011000,2
1612,1667793582.283283234,33.301495000,2
1613,1667793582.350733042,34.627654000,2
1614,1667793582.418191671,34.630373000,2
1615,1667793582.485658407,35.928433000,2
1616,1667793582.553133726,24.237351000,2
1617,1667793582.620617628,27.180442000,2
1618,1667793582.688110113,26.186729000,2
1619,1667793582.755611181,26.806208000,2
1620,1667793582.823120356,25.763186000,2
1621,1667793582.890638113,26.422984000,2
1622,1667793583.025295019,25.065213000,2
1623,1667793583.091859102,25.959151000,2
1624,1667793583.158420563,23.694931000,2
1625,1667793583.224979401,30.015441000,2
1626,1667793583.291535616,24.703333000,2
1627,1667793583.358089447,30.910150000,2
1628,1667793583.424640179,27.389468000,2
1629,1667793583.491188526,24.280428000,2
1630,1667793583.557733774,31.335104000,2
1631,1667793583.624276876,24.968065000,2
1632,1667793583.690817356,26.151726000,2
1633,1667793583.823890209,26.869798000,2
1634,1667793583.890422344,26.708713000,2
1635,1667793583.956928253,31.632830000,2
1636,1667793584.023496389,23.115008000,2
1637,1667793584.090061665,28.185970000,2
1638,1667793584.223185062,24.381645000,2
1639,1667793584.289742708,33.407811000,2
1640,1667793584.422850370,34.694419000,2
1641,1667793584.489399910,28.899723000,2
1642,1667793584.555947304,25.496158000,2
1643,1667793584.622491598,24.963878000,2
1644,1667793584.689033747,25.108165000,2
1645,1667793584.755573034,25.253698000,2
1646,1667793584.822109699,26.444531000,2
1647,1667793584.888643503,24.707180000,2
1648,1667793584.955165625,25.280132000,2
1649,1667793585.021735668,25.679262000,2
1650,1667793585.088303089,25.805980000,2
1651,1667793585.154867887,23.453984000,2
1652,1667793585.221430063,25.846716000,2
1653,1667793585.287989855,26.701263000,2
1654,1667793585.354546547,26.249528000,2
1655,1667793585.421101093,24.380404000,2
1656,1667793585.487652779,25.270471000,2
1657,1667793585.554202080,25.771839000,2
1658,1667793585.620748758,25.654658000,2
1659,1667793585.687292814,25.416869000,2
1660,1667793585.753834009,25.786592000,2
1661,1667793585.820372820,33.617614000,2
1662,1667793585.886909008,32.793018000,2
1663,1667793585.953420401,34.128614000,2
1664,1667793586.019988775,33.194548000,2
1665,1667793586.086554527,35.252918000,2
1666,1667793586.153117418,33.975592000,2
1667,1667793586.219677925,33.288690000,2
1668,1667793586.286235809,32.312804000,2
1669,1667793586.352791071,42.006742000,2
1670,1667793586.419343472,31.394162000,2
1671,1667793586.485893488,36.461895000,2
1672,1667793586.552440643,32.498242000,2
1673,1667793586.618985415,32.089736000,2
1674,1667793586.685527325,38.098127000,2
1675,1667793586.752066612,26.466586000,2
1676,1667793586.818603516,26.293696000,2
1677,1667793586.885138035,26.094498000,2
1678,1667793586.951648235,26.487997000,2
1679,1667793587.018216848,26.937623000,2
1680,1667793587.084783316,30.403940000,2
1681,1667793587.217907667,34.319818000,2
1682,1667793587.284466028,34.693157000,2
1683,1667793587.351021767,32.842723000,2
1684,1667793587.417574644,36.345520000,2
1685,1667793587.484125137,38.721518000,2
1686,1667793587.550673008,35.458206000,2
1687,1667793587.617218018,36.490670000,2
1688,1667793587.683760643,35.828376000,2
1689,1667793587.750300646,33.585369000,2
1690,1667793587.816837788,36.547601000,2
1691,1667793587.883372307,35.527936000,2
1692,1667793587.949642897,35.803676000,2
1693,1667793588.016631603,40.188797000,2
1694,1667793588.083628893,35.416577000,2
1695,1667793588.150634766,37.836607000,2
1696,1667793588.217649221,35.836636000,2
1697,1667793588.284672022,39.803842000,2
1698,1667793588.351703644,40.595387000,2
1699,1667793588.418743372,41.017013000,2
1700,1667793588.485791922,36.836081000,2
1701,1667793588.552848816,34.748431000,2
1702,1667793588.619914532,34.398132000,2
1703,1667793588.686988592,36.773329000,2
1704,1667793588.754070997,34.683023000,2
1705,1667793588.821162224,36.138367000,2
1706,1667793588.888261795,36.434906000,2
1707,1667793588.955617905,37.093489000,2
1708,1667793589.155550718,33.775872000,2
1709,1667793589.222192287,34.131483000,2
1710,1667793589.288833141,31.136232000,2
1711,1667793589.355472088,35.082833000,2
1712,1667793589.422110319,34.208733000,2
1713,1667793589.488747120,34.141182000,2
1714,1667793589.555382252,34.118110000,2
1715,1667793589.622016430,35.666505000,2
1716,1667793589.688649416,32.713074000,2
1717,1667793589.755280972,34.112671000,2
1718,1667793589.821911573,39.157691000,2
1719,1667793589.888540745,35.151028000,2
1720,1667793589.955167532,34.526461000,2
1721,1667793590.021810293,33.927141000,2
1722,1667793590.088451147,34.790104000,2
1723,1667793590.155090570,33.768486000,2
1724,1667793590.221729279,32.873620000,2
1725,1667793590.288366556,35.492563000,2
1726,1667793590.355002165,34.117382000,2
1727,1667793590.421636820,36.175657000,2
1728,1667793590.488270044,35.946444000,2
1729,1667793590.554901838,40.523309000,2
