timestamp,gt_x,gt_y,gt_z,est_aligned_x,est_aligned_y,est_aligned_z,position_error_m,orientation_error_deg
1668742170.358657598,-2853475.573892308,4667430.696527180,3268274.046182308,-2853475.744575487,4667430.753790066,3268273.821044243,0.288268857,138.568671624
1668742170.559936762,-2853475.573244631,4667430.696383104,3268274.046294631,-2853475.745706787,4667430.755301343,3268273.818604016,0.291646311,138.568250856
1668742170.760025740,-2853475.572670000,4667430.696172140,3268274.046598906,-2853475.740533495,4667430.757747553,3268273.819885857,0.288736023,138.568360105
1668742170.958621740,-2853475.573004949,4667430.697449898,3268274.047802423,-2853475.739317746,4667430.758930204,3268273.818356835,0.289974227,138.570178066
1668742171.158633709,-2853475.573714915,4667430.699527288,3268274.049349830,-2853475.739942161,4667430.761808557,3268273.813290274,0.295354986,138.568918221
1668742171.360039711,-2853475.573776258,4667430.699802989,3268274.049580378,-2853475.740452152,4667430.762120293,3268273.812298445,0.296592340,138.563475984
1668742171.559962749,-2853475.573872263,4667430.700704525,3268274.050258394,-2853475.740779080,4667430.761842044,3268273.812612961,0.296767643,138.562329808
1668742171.758674622,-2853475.573407420,4667430.700667420,3268274.050487420,-2853475.740233348,4667430.761950261,3268273.812545869,0.296989324,138.561931799
1668742172.360071659,-2853475.570418063,4667430.697794084,3268274.048068063,-2853475.740089261,4667430.762722241,3268273.811312623,0.298424394,138.556495578
1668742172.558800697,-2853475.569514809,4667430.696727293,3268274.047369172,-2853475.740675320,4667430.762613893,3268273.811442736,0.298828124,138.557286712
1668742172.758753777,-2853475.568852022,4667430.695956703,3268274.047159363,-2853475.738481441,4667430.764484980,3268273.810502582,0.299126556,138.556699192
1668742172.960126638,-2853475.568827906,4667430.696285812,3268274.047573875,-2853475.739835661,4667430.764169994,3268273.809651043,0.300764341,138.554215281
1668742173.160077810,-2853475.569806137,4667430.697960000,3268274.049004050,-2853475.740902646,4667430.763316619,3268273.810211840,0.300943886,138.551244945
1668742173.358816624,-2853475.569224362,4667430.697516221,3268274.048758016,-2853475.739231615,4667430.764527547,3268273.810001894,0.300661719,138.547867632
1668742173.558819771,-2853475.568884547,4667430.697301820,3268274.048894547,-2853475.738838378,4667430.764581747,3268273.809677880,0.301057315,138.546725021
1668742173.760151625,-2853475.569053770,4667430.697581597,3268274.049402461,-2853475.740076334,4667430.764295454,3268273.809494305,0.302085054,138.546524030
1668742173.960267782,-2853475.569645754,4667430.698251654,3268274.050187555,-2853475.739541550,4667430.764146321,3268273.809861896,0.301600914,138.539616620
1668742174.158826590,-2853475.569330417,4667430.698142206,3268274.050463681,-2853475.739817279,4667430.764309562,3268273.809565417,0.302449769,138.540763079
1668742174.358832598,-2853475.570115648,4667430.699113206,3268274.051433272,-2853475.739528009,4667430.765183400,3268273.808600700,0.303370198,138.537071786
1668742174.560180664,-2853475.570645912,4667430.700001824,3268274.052381824,-2853475.740552793,4667430.764640023,3268273.808355868,0.304294450,138.536772206
1668742174.760230780,-2853475.571507588,4667430.701229313,3268274.053331373,-2853475.740895012,4667430.763006207,3268273.810401438,0.302528407,138.534548436
1668742174.960220814,-2853475.572290000,4667430.702130000,3268274.053990000,-2853475.740277511,4667430.763677785,3268273.810212653,0.302382752,138.529382435
1668742175.158986807,-2853475.571877103,4667430.701644205,3268274.053607102,-2853475.740146752,4667430.763284396,3268273.810651517,0.301896679,138.529993287
1668742175.360229731,-2853475.571586263,4667430.701704524,3268274.053722769,-2853475.740605298,4667430.764438650,3268273.808704145,0.304199163,138.525697727
1668742175.560219765,-2853475.571445873,4667430.701857617,3268274.053841745,-2853475.739982304,4667430.764703115,3268273.808750940,0.304012479,138.527713338
1668742175.760231733,-2853475.572155861,4667430.703205861,3268274.054495861,-2853475.740695808,4667430.764035868,3268273.809241178,0.303736502,138.522899938
1668742175.959006786,-2853475.571903785,4667430.702841651,3268274.054100000,-2853475.739166125,4667430.764431897,3268273.810020417,0.302233174,138.526537929
1668742176.360270739,-2853475.570057461,4667430.700679101,3268274.052803281,-2853475.740106357,4667430.765212790,3268273.808309803,0.304726574,138.519792819
1668742176.760242701,-2853475.571254351,4667430.702164150,3268274.054067550,-2853475.739818936,4667430.764455309,3268273.809807626,0.303244322,138.514696421
1668742177.160282612,-2853475.573247417,4667430.704434834,3268274.056047748,-2853475.740376001,4667430.763963550,3268273.809809015,0.303494885,138.510011585
1668742177.560363770,-2853475.573637183,4667430.705068638,3268274.057528452,-2853475.740082156,4667430.763994385,3268273.810137247,0.303938449,138.508631748
1668742177.960397720,-2853475.574185695,4667430.705057086,3268274.057901391,-2853475.737869249,4667430.765822342,3268273.808940557,0.304082585,138.500487838
1668742178.160373688,-2853475.574178572,4667430.705041430,3268274.058069999,-2853475.739026703,4667430.766777880,3268273.806562735,0.306988924,138.498575121
1668742178.360345602,-2853475.573827045,4667430.704680022,3268274.058773837,-2853475.739260941,4667430.765369927,3268273.808371265,0.306191258,138.496368758
1668742178.560409784,-2853475.573551362,4667430.704382724,3268274.059421362,-2853475.738171901,4667430.764467589,3268273.810993227,0.304017518,138.496423585
1668742178.960489750,-2853475.573174397,4667430.703770000,3268274.060800000,-2853475.739857381,4667430.765456423,3268273.807999173,0.309025388,138.486184355
1668742179.160400629,-2853475.574601374,4667430.705552748,3268274.056597061,-2853475.738350358,4667430.766758435,3268273.807044458,0.304690610,138.479062332
1668742179.360432625,-2853475.574485641,4667430.705310388,3268274.054907242,-2853475.737173907,4667430.766423178,3268273.808450174,0.301568121,138.479367108
1668742179.960558653,-2853475.571325534,4667430.704765533,3268274.044685533,-2853475.738980553,4667430.767041516,3268273.806866342,0.297564230,138.470650886
1668742180.360593796,-2853475.568626127,4667430.701493962,3268274.039869676,-2853475.738866581,4667430.766136319,3268273.808044988,0.294793373,138.466284707
1668742180.560642719,-2853475.565766342,4667430.700442683,3268274.037621789,-2853475.738741031,4667430.765441545,3268273.808850616,0.294077107,138.466234050
1668742180.760619640,-2853475.565495471,4667430.697800942,3268274.035602069,-2853475.738649968,4667430.766027261,3268273.808489022,0.293628416,138.464723104
1668742181.361882687,-2853475.563111479,4667430.700128238,3268274.037803379,-2853475.738545079,4667430.766127122,3268273.808553682,0.296121975,138.462231824
1668742181.960800648,-2853475.566105872,4667430.697875872,3268274.046370582,-2853475.737606720,4667430.766853306,3268273.807335942,0.302172113,138.465419077
1668742182.560912609,-2853475.568170706,4667430.697591059,3268274.052498587,-2853475.739958736,4667430.765193396,3268273.808109848,0.306279381,138.464775313
1668742182.760880709,-2853475.569120837,4667430.697871255,3268274.054363117,-2853475.737440537,4667430.766155810,3268273.808780399,0.305458956,138.465936623
1668742182.960823774,-2853475.567781068,4667430.700611603,3268274.055997863,-2853475.739851896,4667430.764766572,3268273.808857321,0.307900434,138.462308334
1668742183.162002802,-2853475.569036331,4667430.700654497,3268274.056813254,-2853475.740227685,4667430.763891370,3268273.809793568,0.307122299,138.459109782
1668742183.360689640,-2853475.569349868,4667430.700331809,3268274.058245126,-2853475.739482328,4667430.764593149,3268273.809470210,0.308161536,138.455609804
1668742183.560700655,-2853475.570066940,4667430.700328493,3268274.059672284,-2853475.739725630,4667430.765374348,3268273.808562330,0.309953614,138.447225190
1668742184.560771704,-2853475.570281266,4667430.706901900,3268274.063112151,-2853475.739114363,4667430.764598760,3268273.808318253,0.311052203,138.426272298
1668742185.360784769,-2853475.575222149,4667430.705848188,3268274.061011333,-2853475.738398904,4667430.764112282,3268273.810210067,0.304832139,138.411233843
1668742185.562146664,-2853475.575642413,4667430.704947588,3268274.060497882,-2853475.738236385,4667430.766373659,3268273.807393912,0.307036776,138.406189784
1668742185.960825682,-2853475.575605264,4667430.702980528,3268274.054560528,-2853475.737685563,4667430.765721828,3268273.808644932,0.301132819,138.398453421
1668742186.160888672,-2853475.573005587,4667430.704220782,3268274.054510391,-2853475.737698683,4667430.766225321,3268273.808450990,0.302512161,138.396495610
1668742186.362163782,-2853475.573331676,4667430.703651505,3268274.054545256,-2853475.737878236,4667430.766577150,3268273.807530782,0.303399667,138.392448489
1668742186.760854721,-2853475.573935701,4667430.702630934,3268274.054630934,-2853475.737755288,4667430.767601666,3268273.806250979,0.304549922,138.391091384
1668742187.360959768,-2853475.571934692,4667430.699091517,3268274.050300986,-2853475.737551138,4667430.766926477,3268273.808033574,0.301204064,138.384304306
1668742187.962275743,-2853475.564732877,4667430.697278128,3268274.037996689,-2853475.736748639,4667430.768099939,3268273.806569416,0.296923785,138.363874519
1668742188.960972786,-2853475.563985576,4667430.692216037,3268274.028180692,-2853475.735982021,4667430.768835640,3268273.806253688,0.291041123,138.350324646
1668742189.360996723,-2853475.564956556,4667430.691465301,3268274.026929535,-2853475.735839402,4667430.768604932,3268273.806066656,0.289709995,138.339632806
1668742190.162425756,-2853475.565704627,4667430.692465599,3268274.027298284,-2853475.739190401,4667430.760133592,3268273.817500313,0.280519981,138.325138408
1668742190.362410784,-2853475.566687316,4667430.691967728,3268274.026990942,-2853475.736040491,4667430.732712065,3268273.856858879,0.243486176,138.327764039
1668742190.761024714,-2853475.565064692,4667430.691510617,3268274.026220247,-2853475.748876117,4667430.725120786,3268273.856941659,0.252133939,138.321460028
1668742190.962396622,-2853475.562380000,4667430.690323691,3268274.025331670,-2853475.750283829,4667430.714949665,3268273.870606073,0.244651380,138.324018295
1668742191.162428617,-2853475.561756346,4667430.685518457,3268274.024001732,-2853475.748829331,4667430.691454941,3268273.904182310,0.222234645,138.312771838
1668742191.361122608,-2853475.563104455,4667430.675493794,3268274.031102497,-2853475.738666500,4667430.666902204,3268273.949082630,0.193966764,138.264506903
1668742191.561144590,-2853475.567031546,4667430.651882743,3268274.052957495,-2853475.740545677,4667430.641915048,3268273.978946034,0.188902634,138.342623047
1668742192.362490654,-2853475.591782937,4667430.601909195,3268274.114200449,-2853475.782244935,4667430.557119026,3268274.061662395,0.202588694,138.389707907
1668742192.561151743,-2853475.598612819,4667430.581722349,3268274.137803255,-2853475.794492522,4667430.532137254,3268274.082990634,0.209360845,138.577163751
1668742192.762466669,-2853475.611178870,4667430.564985491,3268274.164787272,-2853475.811803142,4667430.491005656,3268274.125380872,0.217430400,138.658427740
1668742192.962577581,-2853475.620879298,4667430.554039476,3268274.184274383,-2853475.816281653,4667430.449486541,3268274.179618441,0.221664328,138.612894857
1668742193.562613726,-2853475.654563600,4667430.487491798,3268274.259306146,-2853475.843600366,4667430.338372806,3268274.307710027,0.245589715,138.632818618
1668742193.762577772,-2853475.671074500,4667430.456481142,3268274.293323265,-2853475.854388908,4667430.302042427,3268274.349638823,0.246225366,138.594543124
1668742193.961215734,-2853475.687009607,4667430.419667671,3268274.326735185,-2853475.869002549,4667430.268631888,3268274.381760071,0.242818815,138.679662544
1668742194.161251783,-2853475.706183685,4667430.380279209,3268274.363584897,-2853475.888396762,4667430.217633653,3268274.437913693,0.255303647,138.719589278
1668742194.362599611,-2853475.725631393,4667430.343295052,3268274.403798226,-2853475.891171595,4667430.162000819,3268274.510047501,0.267507131,138.776700275
1668742194.562540770,-2853475.744536338,4667430.303806067,3268274.445410162,-2853475.899386037,4667430.119885537,3268274.561669821,0.267060852,138.783898567
1668742194.961291790,-2853475.784877080,4667430.224327079,3268274.533318540,-2853475.914814194,4667430.024395991,3268274.679316798,0.279591818,138.860511223
1668742195.162653685,-2853475.806256226,4667430.182313843,3268274.578449585,-2853475.943667416,4667429.963668436,3268274.738591473,0.303863577,138.805752693
1668742195.762651682,-2853475.881038098,4667430.032937534,3268274.726175304,-2853475.985334355,4667429.792388028,3268274.934267340,0.334729846,138.913277594
1668742195.962695599,-2853475.907245657,4667429.980971739,3268274.779550978,-2853475.998248371,4667429.728847289,3268275.007682468,0.351983251,138.812858072
1668742196.362687588,-2853475.963118874,4667429.859189618,3268274.895035853,-2853476.028892013,4667429.597119316,3268275.166613956,0.383094786,138.854979135
1668742196.561395645,-2853475.993058817,4667429.797947680,3268274.955245129,-2853476.040537346,4667429.550251920,3268275.218389323,0.364489049,138.888165348
1668742196.762694597,-2853476.023991464,4667429.735237742,3268275.017536652,-2853476.061175506,4667429.477219301,3268275.296993062,0.382167573,138.911868086
1668742197.162783623,-2853476.084212993,4667429.607917760,3268275.147345985,-2853476.102683347,4667429.339844933,3268275.456880261,0.409897136,139.113344526
1668742197.361413717,-2853476.118124513,4667429.543551459,3268275.209447838,-2853476.117136689,4667429.280095027,3268275.525620873,0.411552737,139.150832991
1668742197.562761784,-2853476.153175561,4667429.478085635,3268275.272310619,-2853476.140777523,4667429.218344189,3268275.589338326,0.410031581,139.083526565
1668742197.961507797,-2853476.218956282,4667429.356633369,3268275.398149680,-2853476.156425636,4667429.097230944,3268275.742622059,0.435730329,139.223855038
1668742198.161493778,-2853476.251451333,4667429.292831043,3268275.465515640,-2853476.174000695,4667429.063442727,3268275.774429058,0.392485797,139.380831865
1668742198.762804747,-2853476.355703566,4667429.092256975,3268275.652712652,-2853476.222980457,4667428.901330930,3268275.949637728,0.377137480,139.512018715
1668742198.961499691,-2853476.386627382,4667429.023632286,3268275.717543145,-2853476.258346346,4667428.842670231,3268276.024334178,0.378581599,139.660261912
1668742199.162829638,-2853476.417591437,4667428.962892951,3268275.775887514,-2853476.224828712,4667428.899221459,3268275.960157387,0.274165850,139.836988128
1668742199.362829685,-2853476.447355848,4667428.911300562,3268275.827436336,-2853476.213333157,4667428.923218147,3268275.939684121,0.259823428,139.701347619
1668742199.562814713,-2853476.478311175,4667428.857753910,3268275.877469231,-2853476.219879678,4667428.928325896,3268275.929902828,0.272977152,139.611458918
1668742199.762903690,-2853476.508108316,4667428.807105902,3268275.930680386,-2853476.222483534,4667428.922756925,3268275.936117015,0.308198365,139.770484163
1668742199.962885618,-2853476.534275930,4667428.758115117,3268275.978413198,-2853476.222676057,4667428.913520256,3268275.950212419,0.349342986,140.078452114
1668742200.164253712,-2853476.550176752,4667428.734838244,3268275.997183990,-2853476.229686086,4667428.909686111,3268275.944021384,0.368934014,140.743608654
1668742200.362984657,-2853476.557852309,4667428.736995199,3268275.991295601,-2853476.250670740,4667428.924367743,3268275.906470391,0.369681353,140.095007878
1668742200.963074684,-2853476.558199593,4667428.738087073,3268275.973443334,-2853476.353668732,4667428.882936638,3268275.872744037,0.270101126,140.548974525
1668742201.363023758,-2853476.550863776,4667428.739929907,3268275.961562917,-2853476.436450225,4667428.855144609,3268275.841606752,0.201877115,140.906885701
1668742201.563090801,-2853476.568796585,4667428.735876601,3268275.946881967,-2853476.472504141,4667428.854961158,3268275.811250723,0.204570772,141.125721969
1668742201.763071775,-2853476.586031384,4667428.729039507,3268275.931572994,-2853476.517837490,4667428.840607617,3268275.792189018,0.191117093,141.310202504
1668742201.964343786,-2853476.612587061,4667428.721943882,3268275.916349057,-2853476.544045481,4667428.826568498,3268275.788481895,0.178869421,141.509627863
1668742202.161637783,-2853476.641474234,4667428.720547666,3268275.899237208,-2853476.581629591,4667428.811463114,3268275.777122824,0.163581547,141.490415582
1668742202.563174725,-2853476.713831831,4667428.709408511,3268275.854619591,-2853476.655573864,4667428.783237468,3268275.750493418,0.140310247,141.331703646
1668742202.763220787,-2853476.749258026,4667428.701332983,3268275.833030349,-2853476.682240202,4667428.784371945,3268275.726575843,0.150729625,141.491561573
1668742203.161775589,-2853476.806498817,4667428.695356237,3268275.790640215,-2853476.766098758,4667428.775116025,3268275.669513577,0.150550493,141.483040057
1668742203.364382744,-2853476.840492804,4667428.684642798,3268275.769641933,-2853476.814041066,4667428.749879707,3268275.664835812,0.126253205,141.501906949
1668742203.563304663,-2853476.875922707,4667428.675960423,3268275.746916870,-2853476.848128283,4667428.728508595,3268275.666707902,0.099836460,141.505875514
1668742203.761773586,-2853476.905868564,4667428.668200742,3268275.729162228,-2853476.885825583,4667428.736990949,3268275.621463805,0.129355185,141.622019349
1668742204.163402796,-2853476.968004931,4667428.660598222,3268275.687876645,-2853476.991231322,4667428.706027627,3268275.572177934,0.126449547,141.556145473
1668742204.363080740,-2853477.002598068,4667428.652970078,3268275.665774233,-2853477.048249919,4667428.678304193,3268275.560022881,0.117937514,141.563877880
1668742204.761771679,-2853477.079328784,4667428.635861861,3268275.618519304,-2853477.149369112,4667428.655412680,3268275.505082736,0.134743227,141.381962947
1668742204.963135719,-2853477.113647469,4667428.625223082,3268275.592049381,-2853477.197181815,4667428.641880325,3268275.480543422,0.140317603,141.281363250
1668742205.163176775,-2853477.156177702,4667428.614505836,3268275.562790958,-2853477.245294902,4667428.614454542,3268275.476839695,0.123812348,141.279604978
1668742205.561867714,-2853477.258553574,4667428.592127391,3268275.498988487,-2853477.348551132,4667428.589596767,3268275.420720911,0.119297015,141.445330246
1668742205.764535666,-2853477.308906352,4667428.582189480,3268275.465529320,-2853477.399818751,4667428.563002648,3268275.412435960,0.107014502,141.438748521
1668742205.964571714,-2853477.354017696,4667428.572227892,3268275.435989324,-2853477.452726739,4667428.548430453,3268275.384699114,0.113756226,141.375470878
1668742206.564573765,-2853477.499873894,4667428.548422212,3268275.346121681,-2853477.605232298,4667428.492079207,3268275.325623403,0.121223376,141.206895171
1668742206.963251591,-2853477.604220484,4667428.532362530,3268275.282528396,-2853477.712440772,4667428.464315941,3268275.269190504,0.128529640,141.427218710
1668742207.163280725,-2853477.655153490,4667428.524812507,3268275.250251934,-2853477.771063966,4667428.437859018,3268275.248925290,0.144906548,141.480795739
1668742207.763335705,-2853477.808354874,4667428.497933608,3268275.159302596,-2853477.946703044,4667428.398903732,3268275.166342863,0.170284169,141.371868969
1668742207.964622736,-2853477.861374162,4667428.492107208,3268275.127882881,-2853477.998797345,4667428.362028603,3268275.175517649,0.195127256,141.307345849
1668742208.363360643,-2853477.970062410,4667428.470194803,3268275.063309101,-2853478.095426639,4667428.344565419,3268275.111644323,0.183943539,141.463929855
1668742208.764818668,-2853478.075998887,4667428.448026757,3268275.000996492,-2853478.209189794,4667428.308352426,3268275.065210794,0.203401605,141.457509759
1668742208.964682579,-2853478.125295752,4667428.440442626,3268274.972971342,-2853478.225197139,4667428.284618120,3268275.078507709,0.213071558,141.412077049
1668742209.163415670,-2853478.177511358,4667428.433218484,3268274.945447488,-2853478.221490155,4667428.290199053,3268275.069040601,0.194072022,141.364307510
1668742209.364733696,-2853478.230329252,4667428.423497653,3268274.915532487,-2853478.214876969,4667428.305826257,3268275.057009819,0.184665011,141.385638471
1668742209.564782619,-2853478.282904401,4667428.414023779,3268274.884424866,-2853478.209597252,4667428.335510693,3268275.021725846,0.174326711,141.353157180
1668742209.763417721,-2853478.334831790,4667428.404268322,3268274.851476346,-2853478.209108025,4667428.369307587,3268274.974171731,0.179116932,141.374326362
1668742209.963475704,-2853478.380523771,4667428.395397549,3268274.825565794,-2853478.201953944,4667428.399199195,3268274.943299780,0.213922712,141.398485736
1668742210.364758730,-2853478.412221262,4667428.392389600,3268274.804688721,-2853478.176726668,4667428.466377228,3268274.864989643,0.254102487,141.436710699
1668742210.564744711,-2853478.409693973,4667428.403689482,3268274.790503812,-2853478.163037071,4667428.511886286,3268274.812962484,0.270278685,141.722262770
1668742210.763304710,-2853478.400997445,4667428.431155890,3268274.763159561,-2853478.149451752,4667428.547552104,3268274.771156191,0.277285521,141.577351074
1668742210.963172674,-2853478.392098186,4667428.466037329,3268274.728062671,-2853478.134786601,4667428.571212822,3268274.747375761,0.278646966,141.386723925
1668742211.164427757,-2853478.380382266,4667428.497772944,3268274.695681479,-2853478.125300894,4667428.604379023,3268274.704131265,0.276591326,141.357914014
1668742211.364182711,-2853478.367805774,4667428.526837879,3268274.665475564,-2853478.123589319,4667428.641556570,3268274.656350557,0.269972815,141.488695961
1668742211.762607813,-2853478.333462830,4667428.603664166,3268274.585115020,-2853478.096014717,4667428.745381533,3268274.532253091,0.281531174,141.286831492
1668742212.362232685,-2853478.275897334,4667428.710461180,3268274.469109709,-2853478.058191429,4667428.865461275,3268274.392849583,0.277914551,141.419814772
1668742212.563375711,-2853478.257757587,4667428.747479230,3268274.429448870,-2853478.044577102,4667428.915688459,3268274.332956965,0.288185620,141.448817831
1668742212.763324738,-2853478.237293162,4667428.791626556,3268274.388490892,-2853478.033814739,4667428.984291208,3268274.246230700,0.314262787,141.350897593
1668742212.961761713,-2853478.215200612,4667428.839903092,3268274.342256586,-2853478.023067626,4667429.045067408,3268274.176104876,0.326517797,141.175319933
1668742213.362826586,-2853478.165325254,4667428.938196506,3268274.245148213,-2853477.988510012,4667429.136665385,3268274.073625823,0.316343888,140.942116300
1668742213.562708616,-2853478.142366548,4667428.984818580,3268274.197261320,-2853477.976807436,4667429.180199272,3268274.025177095,0.308539163,141.096862662
1668742213.762562752,-2853478.118832681,4667429.035831392,3268274.149905088,-2853477.969491650,4667429.217480445,3268273.974689056,0.293257191,141.253499754
1668742213.962407589,-2853478.096592611,4667429.091461314,3268274.104906308,-2853477.958754773,4667429.275911809,3268273.905953279,0.304308335,141.099250856
1668742214.162270784,-2853478.071225698,4667429.149123176,3268274.058088409,-2853477.946304367,4667429.332700304,3268273.840599908,0.310816905,141.008499718
1668742214.362175703,-2853478.047626230,4667429.199849907,3268274.008956704,-2853477.929515013,4667429.377670156,3268273.792623805,0.303924701,140.941303614
1668742214.562071800,-2853478.023178315,4667429.254595280,3268273.961438639,-2853477.913148968,4667429.431320035,3268273.734505514,0.307955742,140.985802245
1668742214.761876583,-2853477.994864272,4667429.306772232,3268273.909196554,-2853477.906622411,4667429.462117607,3268273.694180065,0.279554828,140.962539322
1668742214.961780787,-2853477.968095402,4667429.359593008,3268273.856516577,-2853477.901472680,4667429.495334218,3268273.650296947,0.255716247,141.018710677
1668742215.161714792,-2853477.943533292,4667429.412565200,3268273.808163807,-2853477.893934284,4667429.542526719,3268273.593630288,0.255684745,140.890092014
1668742215.361465693,-2853477.919601342,4667429.463688099,3268273.758887275,-2853477.885184893,4667429.594457924,3268273.528542272,0.267103088,140.819971334
1668742215.761206627,-2853477.871115671,4667429.564705900,3268273.656224100,-2853477.853211796,4667429.743223631,3268273.362284005,0.344368856,140.732214247
1668742215.961052656,-2853477.848112232,4667429.613399304,3268273.606575300,-2853477.845295772,4667429.788349871,3268273.309485627,0.344786755,140.782063325
1668742216.160972595,-2853477.829777687,4667429.662642675,3268273.557024390,-2853477.832035731,4667429.819133562,3268273.271067945,0.325984026,140.952444880
1668742216.360791683,-2853477.808705707,4667429.711687041,3268273.509568904,-2853477.824908857,4667429.864962333,3268273.215940902,0.331622165,140.854704387
1668742216.760604620,-2853477.766696576,4667429.819108387,3268273.401158962,-2853477.834329901,4667430.005190657,3268273.034282883,0.416891995,140.668714157
1668742216.960448742,-2853477.742489575,4667429.873258902,3268273.343254805,-2853477.798550964,4667430.011227111,3268273.046772375,0.331782967,140.551350003
1668742217.160277605,-2853477.719077215,4667429.927173856,3268273.286263523,-2853477.774791315,4667430.037928494,3268273.018759161,0.294837640,140.513333498
1668742217.360127687,-2853477.696571989,4667429.975856349,3268273.232075901,-2853477.765778744,4667430.111484770,3268272.927862067,0.340192152,140.581819714
1668742217.559975624,-2853477.674942449,4667430.025634122,3268273.175258562,-2853477.770778297,4667430.164851749,3268272.852050469,0.364732133,140.515646118
1668742217.759831667,-2853477.649376677,4667430.076366945,3268273.115358025,-2853477.775322203,4667430.200030739,3268272.791876385,0.368504249,140.444807109
1668742217.959712744,-2853477.626436258,4667430.127444852,3268273.059371511,-2853477.765603922,4667430.237532344,3268272.747659619,0.358679799,139.744201561
1668742218.159585714,-2853477.605396786,4667430.180850887,3268272.998024818,-2853477.737999395,4667430.310593838,3268272.682520937,0.366004623,140.304815938
1668742218.359480619,-2853477.581985706,4667430.232852901,3268272.942361961,-2853477.725767103,4667430.376155050,3268272.604477756,0.394175508,140.821133106
1668742218.757847786,-2853477.539130819,4667430.334242230,3268272.836037452,-2853477.730385193,4667430.475721056,3268272.470558310,0.436084277,140.538493942
1668742218.957720757,-2853477.519687166,4667430.382231510,3268272.786074950,-2853477.726942184,4667430.571310310,3268272.358816571,0.511131253,140.792788901
1668742219.157597780,-2853477.504539532,4667430.433379010,3268272.734860425,-2853477.705766369,4667430.634763099,3268272.297363749,0.521968517,140.590743356
1668742219.358768702,-2853477.482317910,4667430.487126345,3268272.678776683,-2853477.717337721,4667430.521258646,3268272.514942436,0.288515141,140.221357721
1668742219.557336807,-2853477.458814946,4667430.536542405,3268272.622424836,-2853477.731657876,4667430.482513663,3268272.590968070,0.279914090,140.112813679
1668742219.957081795,-2853477.418777229,4667430.644345064,3268272.506231687,-2853477.627830268,4667430.679862134,3268272.551626245,0.216853179,140.179200709
1668742220.158305645,-2853477.398082790,4667430.703546380,3268272.442895469,-2853477.577177543,4667430.672424259,3268272.590608754,0.234227948,139.660103887
1668742220.358134747,-2853477.381435570,4667430.748821976,3268272.395430089,-2853477.518782834,4667430.665554985,3268272.615064309,0.272097140,138.782730756
1668742220.556731701,-2853477.377497015,4667430.756150313,3268272.389430033,-2853477.451078763,4667430.680277202,3268272.609979359,0.244566980,138.833194850
1668742220.957809687,-2853477.311122205,4667430.764630463,3268272.434600878,-2853477.290332693,4667430.675181362,3268272.654997839,0.238763828,140.362281934
1668742221.157645702,-2853477.251822058,4667430.782044560,3268272.464731908,-2853477.266291643,4667430.685152778,3268272.697265314,0.252327507,140.164456688
1668742221.757311583,-2853477.094967953,4667430.819279144,3268272.554989527,-2853477.082988265,4667430.754144337,3268272.762086708,0.217428834,140.362467122
1668742221.957153797,-2853477.037510147,4667430.833175636,3268272.587635869,-2853477.002400938,4667430.783000539,3268272.779115199,0.201033655,140.661636021
1668742222.157118797,-2853476.983319314,4667430.846951160,3268272.617249230,-2853476.958510464,4667430.761398859,3268272.850876797,0.250033028,140.456007462
1668742222.355533600,-2853476.927220740,4667430.859332793,3268272.652702024,-2853476.895484065,4667430.785131895,3268272.850400479,0.213536107,140.563890054
1668742222.556864738,-2853476.874967765,4667430.870877146,3268272.689484135,-2853476.832214950,4667430.815974469,3268272.864110416,0.187979906,140.700031489
1668742222.756711721,-2853476.820284089,4667430.882550299,3268272.726139555,-2853476.785548736,4667430.823910315,3268272.888581144,0.176160331,140.709154947
1668742222.956604719,-2853476.764312554,4667430.894014999,3268272.759740319,-2853476.712418659,4667430.841498930,3268272.911099686,0.168405973,140.771206429
1668742223.156492710,-2853476.707188421,4667430.906136781,3268272.794453340,-2853476.631497955,4667430.887177235,3268272.910586232,0.139911971,140.694193861
1668742223.356377602,-2853476.652222428,4667430.918422156,3268272.825464072,-2853476.569853487,4667430.931545921,3268272.900914382,0.112470551,140.704555860
1668742223.556293726,-2853476.594608408,4667430.928913613,3268272.857606598,-2853476.535921245,4667430.940460440,3268272.957311358,0.116269305,140.842525500
1668742223.756167650,-2853476.540324154,4667430.937065285,3268272.890135758,-2853476.475385560,4667430.928845528,3268272.989200919,0.118737069,140.920314119
1668742223.956056595,-2853476.484504233,4667430.950769166,3268272.921937655,-2853476.399799350,4667430.949244939,3268272.998679443,0.114308978,140.969030464
1668742224.355824709,-2853476.369571605,4667430.980127292,3268272.985772120,-2853476.283126053,4667431.006350608,3268273.047052484,0.109159419,140.834351723
1668742224.955495596,-2853476.192465386,4667431.017554848,3268273.081567223,-2853476.092070798,4667431.054849234,3268273.142750416,0.123342319,140.867433208
1668742225.153734684,-2853476.134672667,4667431.029863071,3268273.112288859,-2853476.028494842,4667431.088375955,3268273.149660469,0.126862624,140.958894997
1668742225.556155682,-2853476.015595298,4667431.053695250,3268273.178933857,-2853475.908662403,4667431.139302825,3268273.169024604,0.137337155,140.903781016
1668742225.754706621,-2853475.953188746,4667431.069566788,3268273.212315845,-2853475.846311737,4667431.161194650,3268273.190057562,0.142526459,140.833855620
1668742226.155799627,-2853475.828693625,4667431.096427809,3268273.278444112,-2853475.741597577,4667431.149779028,3268273.279476216,0.102142740,140.930878861
1668742226.355664730,-2853475.767908604,4667431.107912971,3268273.313178999,-2853475.668356073,4667431.181038052,3268273.297018627,0.124575846,141.092610759
1668742226.554245710,-2853475.713609619,4667431.120903301,3268273.344935488,-2853475.603213167,4667431.214291805,3268273.301076678,0.151103886,141.056570309
1668742226.953959703,-2853475.601680580,4667431.150006994,3268273.407516987,-2853475.470238555,4667431.265220959,3268273.349389071,0.184201298,140.972842367
1668742227.153889656,-2853475.543764540,4667431.162362894,3268273.440440499,-2853475.408526593,4667431.290840609,3268273.363682065,0.201711880,140.935479850
1668742227.553552628,-2853475.428284752,4667431.184418829,3268273.503534815,-2853475.312002186,4667431.286648056,3268273.439595841,0.167513111,141.116243014
1668742227.754883766,-2853475.371818333,4667431.199196988,3268273.533957885,-2853475.248441798,4667431.312770208,3268273.460755975,0.182973128,141.151606428
1668742227.954680681,-2853475.314405874,4667431.208901311,3268273.563552043,-2853475.188300117,4667431.332017063,3268273.480203385,0.194954223,141.110671700
1668742228.153308630,-2853475.256957258,4667431.225218433,3268273.597195913,-2853475.123796684,4667431.374695555,3268273.468793530,0.237828343,141.098289674
1668742228.351822615,-2853475.198911281,4667431.240715599,3268273.627690544,-2853475.077864422,4667431.376543484,3268273.492366566,0.226746853,140.943256117
1668742228.552988768,-2853475.142303064,4667431.251858301,3268273.660744936,-2853475.022107469,4667431.391926226,3268273.539015037,0.221097655,140.951344016
1668742228.752838612,-2853475.081035942,4667431.263286166,3268273.693802800,-2853474.974817006,4667431.396957244,3268273.575815596,0.207536502,141.104261629
1668742229.152598619,-2853474.968250983,4667431.276683215,3268273.758177376,-2853474.913781949,4667431.398896690,3268273.598249567,0.208518376,141.264312035
1668742229.352498770,-2853474.910504112,4667431.288154501,3268273.789610547,-2853474.926482992,4667431.399914466,3268273.584742316,0.233915810,141.162021842
1668742229.552364588,-2853474.853326940,4667431.297559654,3268273.817658572,-2853474.930138190,4667431.431935362,3268273.560371664,0.300255478,141.029557014
1668742230.153317690,-2853474.696941799,4667431.330048026,3268273.901732326,-2853474.933949233,4667431.341297088,3268273.689490653,0.318348227,141.258012132
1668742230.351956606,-2853474.691207671,4667431.328579318,3268273.904064659,-2853474.973180299,4667431.235050138,3268273.795841762,0.316177902,141.259086477
1668742230.753038645,-2853474.682901207,4667431.330473325,3268273.908991823,-2853475.006070857,4667431.116598762,3268273.942110282,0.388944449,141.282162730
1668742230.952826738,-2853474.686746785,4667431.319107465,3268273.921547958,-2853475.017700191,4667431.050256696,3268274.020561307,0.437737976,140.611844530
1668742231.151416779,-2853474.701287390,4667431.278654469,3268273.959831589,-2853475.033881207,4667430.994131346,3268274.088143796,0.456109720,140.452018072
1668742231.351283789,-2853474.725489620,4667431.216598999,3268274.020920992,-2853475.057477162,4667430.942595183,3268274.155490618,0.451001999,141.234148700
1668742231.552514791,-2853474.749958332,4667431.159643960,3268274.082009862,-2853475.071472718,4667430.877404736,3268274.222142430,0.450186202,141.471251620
1668742231.752386808,-2853474.780828819,4667431.103489113,3268274.140796222,-2853475.089775343,4667430.803172764,3268274.298622756,0.458854093,141.396388193
1668742231.950896740,-2853474.808129713,4667431.045014346,3268274.203924610,-2853475.101836886,4667430.738703452,3268274.382537771,0.460426899,141.468079337
1668742232.150790691,-2853474.836685980,4667430.977275905,3268274.270457393,-2853475.111359152,4667430.680306793,3268274.452184733,0.443464578,141.633528509
1668742232.352023602,-2853474.865804099,4667430.909923489,3268274.336649059,-2853475.133111181,4667430.624189525,3268274.516463458,0.430616062,141.667496581
1668742232.750488758,-2853474.927152237,4667430.779917310,3268274.462852481,-2853475.178186979,4667430.504852858,3268274.649300782,0.416463519,141.828946446
1668742232.950285673,-2853474.957717304,4667430.710039826,3268274.527263652,-2853475.189266424,4667430.433201908,3268274.735712940,0.416779718,141.907115022
1668742233.151521683,-2853474.985786083,4667430.642779713,3268274.590637624,-2853475.193385479,4667430.380835861,3268274.799552418,0.394154135,141.990813286
1668742233.351403713,-2853475.014457548,4667430.580641319,3268274.649469851,-2853475.208955679,4667430.331988119,3268274.860229030,0.379575248,141.969890056
1668742233.549954653,-2853475.044551626,4667430.519854536,3268274.711981586,-2853475.235068986,4667430.277503896,3268274.925730135,0.375125499,142.036750933
1668742233.751190662,-2853475.075324656,4667430.459374824,3268274.776565108,-2853475.259652896,4667430.218118679,3268275.002808342,0.378638916,142.158490272
1668742233.951084614,-2853475.105382421,4667430.396855058,3268274.840749757,-2853475.278481144,4667430.131492344,3268275.107030540,0.413867121,142.356407444
1668742234.150980711,-2853475.135010113,4667430.336676971,3268274.899556438,-2853475.290995296,4667430.079811526,3268275.165833666,0.401515624,142.278609280
1668742234.349521637,-2853475.166171995,4667430.274521562,3268274.960110532,-2853475.317670324,4667430.023811654,3268275.212311253,0.386539010,142.208917664
1668742234.750614643,-2853475.222583144,4667430.137527327,3268275.089093606,-2853475.374518423,4667429.895891996,3268275.363920333,0.396234390,142.451308256
1668742235.149078608,-2853475.285683549,4667430.004771626,3268275.215042968,-2853475.397582203,4667429.789299060,3268275.499360542,0.373879952,142.373507330
1668742235.948625803,-2853475.424125493,4667429.755830429,3268275.478048392,-2853475.473579893,4667429.533759378,3268275.787895886,0.384404421,142.707880140
1668742236.149787664,-2853475.460439131,4667429.694538025,3268275.542577307,-2853475.481225460,4667429.471686700,3268275.866237830,0.393511014,142.687599902
1668742236.549549580,-2853475.529555915,4667429.586993625,3268275.668103192,-2853475.535244305,4667429.355029311,3268275.989762913,0.396616663,142.777498545
1668742236.748119593,-2853475.564147932,4667429.529568619,3268275.730333869,-2853475.559473615,4667429.296048390,3268276.065706961,0.408691397,142.893780380
1668742236.949290752,-2853475.596277448,4667429.470151172,3268275.795439810,-2853475.586996138,4667429.222307964,3268276.142035494,0.426193578,142.980367236
1668742237.149323702,-2853475.627495015,4667429.408384576,3268275.856997833,-2853475.594597757,4667429.161717822,3268276.212298720,0.433780403,142.934862310
1668742238.348513603,-2853475.832518874,4667429.020086563,3268276.236429719,-2853475.711729627,4667428.862449556,3268276.571301762,0.389331161,143.372731430
1668742238.548408747,-2853475.865821590,4667428.956061510,3268276.297784075,-2853475.733283163,4667428.800631826,3268276.655064347,0.411550743,143.496666346
1668742239.148023605,-2853475.957176434,4667428.773450505,3268276.471802748,-2853475.724344972,4667428.782728392,3268276.617463591,0.274797471,143.548809647
1668742239.347917795,-2853475.986196173,4667428.721494061,3268276.521309950,-2853475.786142150,4667428.784473531,3268276.586960978,0.219768249,143.555749629
1668742239.747710705,-2853476.027521722,4667428.641612901,3268276.596097341,-2853475.918332172,4667428.760560300,3268276.533720657,0.173094460,143.793710387
1668742239.947575808,-2853476.040764957,4667428.617935193,3268276.619378190,-2853475.951090919,4667428.750638229,3268276.506358695,0.196022792,143.880849517
1668742240.147475719,-2853476.045238943,4667428.610496314,3268276.624809191,-2853475.987120201,4667428.737234732,3268276.482072169,0.199535140,143.923212001
1668742240.347379684,-2853476.055057969,4667428.610364420,3268276.618485590,-2853476.022006120,4667428.738779866,3268276.455915852,0.209790065,143.660884122
1668742240.545993805,-2853476.096591263,4667428.607723526,3268276.588190164,-2853476.059280573,4667428.726669814,3268276.447512250,0.187964312,143.737346560
1668742240.947153807,-2853476.191778314,4667428.595277327,3268276.527108021,-2853476.136130315,4667428.680128563,3268276.449329944,0.127850934,143.733952628
1668742241.346793652,-2853476.267246665,4667428.577596321,3268276.470628730,-2853476.206562264,4667428.671285509,3268276.385190130,0.140570320,143.532671437
1668742241.746624708,-2853476.337986074,4667428.562847550,3268276.415421631,-2853476.279025923,4667428.667784873,3268276.338603210,0.142790795,143.548264743
1668742241.945174694,-2853476.373967214,4667428.555367576,3268276.388552972,-2853476.312228411,4667428.650939973,3268276.327860919,0.128954597,143.606591926
1668742242.146401644,-2853476.409776369,4667428.547827511,3268276.364672870,-2853476.360849462,4667428.653990015,3268276.298181317,0.134482141,143.559017511
1668742242.346408606,-2853476.443544485,4667428.543374663,3268276.339848172,-2853476.393420503,4667428.634159959,3268276.312556476,0.107234417,143.608251402
1668742242.546232700,-2853476.473429362,4667428.539055049,3268276.315082417,-2853476.398078419,4667428.637202799,3268276.279957483,0.128625450,143.580814061
1668742242.744742632,-2853476.503462703,4667428.533527533,3268276.291365045,-2853476.424091685,4667428.641097195,3268276.247368311,0.140736290,143.652466704
1668742242.946014643,-2853476.537682436,4667428.532571080,3268276.269585157,-2853476.481592317,4667428.597341456,3268276.288396523,0.087722121,143.599069966
1668742243.145970583,-2853476.572886628,4667428.528652287,3268276.246658446,-2853476.520903086,4667428.583056440,3268276.282754282,0.083456634,143.562971591
1668742243.544263601,-2853476.632965484,4667428.517310564,3268276.208054175,-2853476.604983686,4667428.559844398,3268276.240269124,0.060248742,143.511346956
1668742243.744158745,-2853476.657712509,4667428.513183766,3268276.190506570,-2853476.652460238,4667428.565749142,3268276.197860572,0.053336540,143.464330283
1668742243.945538759,-2853476.688733945,4667428.509029442,3268276.173628781,-2853476.704648622,4667428.555918609,3268276.164578978,0.050336566,143.443012060
1668742244.145486593,-2853476.720483128,4667428.502986175,3268276.152824701,-2853476.760616456,4667428.545159896,3268276.123760150,0.065069616,143.448164837
1668742244.343867779,-2853476.756693465,4667428.499461114,3268276.130802113,-2853476.811596382,4667428.523474803,3268276.113905479,0.062261415,143.543227300
1668742244.543786764,-2853476.798017385,4667428.496175520,3268276.102491610,-2853476.865521369,4667428.500408066,3268276.097907566,0.067791708,143.601722559
1668742245.344833612,-2853476.978880214,4667428.472990037,3268275.990335641,-2853477.095583954,4667428.434749006,3268276.030202015,0.129118036,143.370425032
1668742245.744655609,-2853477.079978828,4667428.458141862,3268275.925983230,-2853477.218554264,4667428.375732041,3268275.948535401,0.162797822,143.241059008
1668742246.144311666,-2853477.189743769,4667428.444093348,3268275.853174058,-2853477.344547216,4667428.327851831,3268275.894118030,0.197870175,143.347370286
1668742246.544010639,-2853477.312350265,4667428.424856333,3268275.777223778,-2853477.470936517,4667428.305591295,3268275.812808168,0.201593645,143.364953777
1668742246.943771601,-2853477.436223077,4667428.399708267,3268275.700262679,-2853477.599388744,4667428.267722348,3268275.749747272,0.215620136,143.247173341
1668742247.344859600,-2853477.561044107,4667428.377695121,3268275.621076477,-2853477.720568072,4667428.220488410,3268275.721982221,0.245649780,143.426416183
1668742247.543499708,-2853477.617578366,4667428.367012394,3268275.583154933,-2853477.772052646,4667428.220650494,3268275.673384653,0.231139592,143.320991645
1668742247.743429661,-2853477.675475453,4667428.359157345,3268275.545398297,-2853477.833125358,4667428.200989718,3268275.666579412,0.254077456,143.190903674
1668742248.144441605,-2853477.796469098,4667428.338717864,3268275.468555694,-2853477.950364843,4667428.171105803,3268275.587610907,0.256810917,143.174097557
1668742248.542895794,-2853477.913544198,4667428.318617160,3268275.394449552,-2853477.978985628,4667428.124012325,3268275.613076318,0.299918798,143.318450686
1668742248.942794800,-2853478.027790300,4667428.298639850,3268275.322260604,-2853477.954112612,4667428.155959981,3268275.564196259,0.290377010,143.225908841
1668742249.342578650,-2853478.141335497,4667428.281394804,3268275.249106611,-2853477.946049495,4667428.220496352,3268275.486085059,0.313055951,143.138718268
1668742249.742301702,-2853478.185708790,4667428.281058663,3268275.223803821,-2853477.924030857,4667428.294735248,3268275.410269863,0.321608418,143.342420583
1668742250.343405724,-2853478.174795552,4667428.308448168,3268275.200366530,-2853477.871271517,4667428.415241014,3268275.237761783,0.323928938,143.604304284
1668742250.541878700,-2853478.154327339,4667428.348121295,3268275.164565271,-2853477.857215011,4667428.463658384,3268275.186881472,0.319566218,143.334909425
1668742250.741847754,-2853478.132205891,4667428.392531908,3268275.122980726,-2853477.845559592,4667428.510412506,3268275.137826999,0.310293971,143.288599251
1668742250.943079710,-2853478.109389106,4667428.436416690,3268275.080619743,-2853477.832242667,4667428.553233546,3268275.095040922,0.301105126,143.303420986
1668742251.341446638,-2853478.065345679,4667428.521428212,3268275.002475899,-2853477.804405799,4667428.628063582,3268274.989591806,0.282182075,143.291596023
1668742251.541416645,-2853478.045083412,4667428.566988197,3268274.960701803,-2853477.787288297,4667428.653060906,3268274.958787755,0.271791273,143.234155156
1668742251.742615700,-2853478.026442859,4667428.612120032,3268274.917148649,-2853477.782995232,4667428.690883193,3268274.918442715,0.255875081,143.107554594
1668742252.141161680,-2853477.983868545,4667428.700598221,3268274.831913652,-2853477.749955247,4667428.791911844,3268274.800167107,0.253103639,143.055589421
1668742252.542198658,-2853477.939976751,4667428.787267367,3268274.744718067,-2853477.730925448,4667428.874425373,3268274.711821641,0.228869264,143.038933852
1668742252.742115736,-2853477.917901872,4667428.826432995,3268274.703526145,-2853477.721586815,4667428.926098718,3268274.638479554,0.229573337,143.054940130
1668742252.940695763,-2853477.898307074,4667428.863709212,3268274.663261967,-2853477.718716863,4667428.944355546,3268274.629707006,0.199705810,142.997562371
1668742253.140541792,-2853477.879935334,4667428.903972654,3268274.623926569,-2853477.703058935,4667428.965721128,3268274.601972090,0.188626969,142.919357723
1668742253.341769695,-2853477.859199975,4667428.944088617,3268274.584428519,-2853477.678660286,4667429.035722759,3268274.526888443,0.210481010,142.881909338
1668742253.541693687,-2853477.838893006,4667428.988753060,3268274.544716747,-2853477.672012303,4667429.088625062,3268274.460056237,0.212110791,142.824102210
1668742253.740276814,-2853477.818329680,4667429.032729703,3268274.499574205,-2853477.667913941,4667429.123985342,3268274.413539878,0.195842773,142.791927240
1668742253.941494703,-2853477.794302713,4667429.070675241,3268274.454514554,-2853477.655933030,4667429.161381421,3268274.368906924,0.186285927,142.770169823
1668742254.341302633,-2853477.751500019,4667429.138330262,3268274.373586275,-2853477.629913271,4667429.243939675,3268274.270603305,0.191160083,142.649516508
1668742254.739782810,-2853477.708719240,4667429.206352904,3268274.287252787,-2853477.595337857,4667429.341163666,3268274.158757317,0.218037531,142.557286386
1668742254.940980673,-2853477.686739933,4667429.244083703,3268274.240009867,-2853477.579066175,4667429.394352857,3268274.088865507,0.238786672,142.582658194
1668742255.140860796,-2853477.663287526,4667429.289690527,3268274.191469088,-2853477.564222480,4667429.434879284,3268274.038114195,0.233262473,142.490448904
1668742255.339507580,-2853477.638499460,4667429.333438926,3268274.143601880,-2853477.553612763,4667429.485485707,3268273.976161351,0.241578777,142.578350759
1668742255.740577698,-2853477.594162315,4667429.433036190,3268274.044447645,-2853477.536103608,4667429.559657536,3268273.891410582,0.206939898,142.585792774
1668742256.139012814,-2853477.545902270,4667429.530965459,3268273.947909323,-2853477.523227135,4667429.662381262,3268273.774545501,0.218721947,142.364361679
1668742256.540151596,-2853477.501150350,4667429.630179064,3268273.852036121,-2853477.479602744,4667429.783737413,3268273.632909226,0.268441915,142.230520935
1668742256.740108728,-2853477.479392105,4667429.673657425,3268273.806285845,-2853477.468701869,4667429.819501748,3268273.592578973,0.258950719,142.329274306
1668742256.938643694,-2853477.456663114,4667429.718908260,3268273.760760018,-2853477.471952054,4667429.872851028,3268273.530139093,0.277701528,142.276822398
1668742257.139958620,-2853477.435626406,4667429.764997501,3268273.714102812,-2853477.462521200,4667429.919944828,3268273.482979342,0.279553326,142.389370717
1668742257.539682627,-2853477.387375023,4667429.867379272,3268273.608777982,-2853477.437124067,4667430.020784608,3268273.344692022,0.309434256,142.196265819
1668742257.738215685,-2853477.362069252,4667429.923076847,3268273.553800664,-2853477.425149777,4667430.066067567,3268273.283876227,0.311904954,142.101786762
1668742258.139398813,-2853477.310112051,4667430.028555929,3268273.446680543,-2853477.396481467,4667430.161623718,3268273.169111550,0.319704956,142.180660577
1668742258.339358807,-2853477.287377172,4667430.082262762,3268273.393894097,-2853477.391029192,4667430.219252818,3268273.112136174,0.329996278,142.208104008
1668742258.539208651,-2853477.265069855,4667430.134910630,3268273.337112459,-2853477.386678982,4667430.282753341,3268273.044905144,0.349329875,142.156517266
1668742258.739278793,-2853477.241320656,4667430.188413813,3268273.283225856,-2853477.385955900,4667430.354243334,3268272.971458197,0.381599080,142.063886908
1668742258.938961744,-2853477.218950712,4667430.244480809,3268273.226813993,-2853477.381822014,4667430.409290830,3268272.914367780,0.388988483,142.014348167
1668742259.138887644,-2853477.199338308,4667430.299813239,3268273.170581089,-2853477.367621137,4667430.442118152,3268272.866945885,0.375185469,142.063728658
1668742259.337522745,-2853477.175831204,4667430.348746696,3268273.119965358,-2853477.350938971,4667430.476469958,3268272.793776833,0.391631096,142.046292982
1668742259.538690805,-2853477.157911455,4667430.399584010,3268273.069379618,-2853477.332255467,4667430.530165967,3268272.714091157,0.416746173,142.053734155
1668742259.738637686,-2853477.138511415,4667430.450924707,3268273.016526284,-2853477.322737266,4667430.584416610,3268272.671056231,0.413653007,141.851413319
1668742259.938470602,-2853477.115450264,4667430.505990176,3268272.961636364,-2853477.318699941,4667430.649333886,3268272.601576579,0.437608157,141.807696721
1668742260.338341713,-2853477.069875253,4667430.612049864,3268272.852663267,-2853477.259317911,4667430.723638348,3268272.456704584,0.452905939,141.752968732
1668742260.538277626,-2853477.049079837,4667430.665644841,3268272.795461789,-2853477.278872488,4667430.612016257,3268272.611687476,0.299088090,141.704181911
1668742260.738108635,-2853477.030489145,4667430.719080466,3268272.739104346,-2853477.224973326,4667430.626427636,3268272.616205164,0.248017848,141.752210478
1668742260.936728716,-2853477.009072694,4667430.773975763,3268272.684242890,-2853477.150360414,4667430.736853328,3268272.581980535,0.178319613,141.687784848
1668742261.137989759,-2853476.985678009,4667430.830349125,3268272.626179964,-2853477.096085127,4667430.765379166,3268272.620451136,0.128232784,141.630716206
1668742261.337887764,-2853476.964600042,4667430.881761332,3268272.572575416,-2853477.051164472,4667430.771541626,3268272.663906455,0.167281627,141.507642788
1668742261.537734747,-2853476.953322715,4667430.912804292,3268272.542308040,-2853476.969319033,4667430.755847578,3268272.714262255,0.233365688,140.889269068
1668742262.137461662,-2853476.856021218,4667430.930714070,3268272.600340168,-2853476.766370840,4667430.870951043,3268272.738600606,0.175284792,141.818610322
1668742262.337313652,-2853476.805546696,4667430.941307014,3268272.631704127,-2853476.697635330,4667430.868021097,3268272.796462201,0.210144977,141.650368666
1668742262.537232637,-2853476.742165474,4667430.955004320,3268272.665478189,-2853476.624770590,4667430.887552378,3268272.831249811,0.214036338,141.618235786
1668742262.737184763,-2853476.681108913,4667430.969230643,3268272.699795632,-2853476.554207789,4667430.919175847,3268272.837657300,0.193946430,141.830602892
1668742262.937113762,-2853476.612101570,4667430.982048960,3268272.741252158,-2853476.492231325,4667430.950254206,3268272.864059183,0.174531796,141.906307367
1668742263.137001753,-2853476.543316790,4667430.995401872,3268272.778648025,-2853476.410759915,4667430.986224401,3268272.891076653,0.174056737,141.914802691
1668742263.336870670,-2853476.477916830,4667431.009130831,3268272.814565113,-2853476.347456648,4667430.983101835,3268272.941560826,0.183916499,141.901329917
1668742263.536801815,-2853476.411087469,4667431.022993953,3268272.855172377,-2853476.280024684,4667431.006359887,3268272.958941805,0.167994762,141.826422004
1668742263.736795664,-2853476.344075817,4667431.036739727,3268272.896830627,-2853476.207169019,4667431.030451573,3268272.973239475,0.156911837,141.919048033
1668742263.937967777,-2853476.275287480,4667431.049856911,3268272.935314439,-2853476.139551091,4667431.054249920,3268273.002517304,0.151525215,141.836935544
1668742264.136633635,-2853476.209942340,4667431.064387097,3268272.970589120,-2853476.070564623,4667431.087630971,3268273.024266997,0.151154690,141.810848666
1668742264.336654663,-2853476.141706924,4667431.077973242,3268273.007269999,-2853476.001943871,4667431.125196679,3268273.033704976,0.149875187,141.838374907
1668742264.537620783,-2853476.074801272,4667431.090058303,3268273.044331945,-2853475.945972131,4667431.131933393,3268273.082973889,0.140867564,141.826330031
1668742264.736385584,-2853476.007536585,4667431.104386941,3268273.084234191,-2853475.886727636,4667431.156313399,3268273.102180381,0.132714826,141.886555781
1668742264.936264753,-2853475.940936783,4667431.119118989,3268273.119768613,-2853475.820280082,4667431.174750714,3268273.131691153,0.133398183,141.947562411
1668742265.136169672,-2853475.871680473,4667431.136998461,3268273.157521758,-2853475.752617158,4667431.199066592,3268273.160872428,0.134312148,141.856177379
1668742265.337256670,-2853475.806362284,4667431.151416372,3268273.193082390,-2853475.683830675,4667431.232956083,3268273.180991693,0.147678383,141.864196432
1668742265.537158728,-2853475.746826833,4667431.167325291,3268273.230807085,-2853475.617438567,4667431.262789789,3268273.202371842,0.163289181,141.873408134
1668742265.737141609,-2853475.687382380,4667431.180604257,3268273.264606632,-2853475.557639697,4667431.259871127,3268273.248458889,0.152895880,141.943121391
1668742265.934327602,-2853475.625041862,4667431.193996814,3268273.300816281,-2853475.490456347,4667431.275570406,3268273.285879253,0.158084239,141.886244021
1668742266.134205580,-2853475.560385953,4667431.209059077,3268273.335837570,-2853475.417878026,4667431.311637583,3268273.294238526,0.180447608,141.863368766
1668742266.335652590,-2853475.497775763,4667431.226545881,3268273.371069779,-2853475.348130184,4667431.340047278,3268273.322754086,0.193934971,141.928460330
1668742266.535581589,-2853475.436994326,4667431.240421487,3268273.407499216,-2853475.280166414,4667431.365553346,3268273.348570264,0.209106665,141.957548351
1668742266.734041691,-2853475.375673156,4667431.250891286,3268273.443342210,-2853475.228467210,4667431.366885415,3268273.383986403,0.196589268,141.993114500
1668742266.935441732,-2853475.312816229,4667431.262712711,3268273.476200358,-2853475.170677029,4667431.384306938,3268273.413487292,0.197285674,141.988254989
1668742267.136489630,-2853475.249438908,4667431.275186669,3268273.513429964,-2853475.109826385,4667431.408586585,3268273.432948921,0.209199409,142.007774213
1668742267.335054636,-2853475.184476158,4667431.289803389,3268273.548082973,-2853475.049925840,4667431.437950892,3268273.443173592,0.225958955,142.087446756
1668742267.534885645,-2853475.121890828,4667431.304680162,3268273.584396519,-2853474.982117964,4667431.466626418,3268273.465581812,0.244703857,141.989323752
1668742267.734795809,-2853475.056241841,4667431.317146003,3268273.621152709,-2853474.914076474,4667431.489440893,3268273.476340225,0.266208895,142.041731560
1668742267.934734583,-2853474.994339578,4667431.327538515,3268273.655470128,-2853474.892261558,4667431.486746832,3268273.491752356,0.250141398,142.121675519
1668742268.136023760,-2853474.932359060,4667431.340538480,3268273.689965113,-2853474.905992158,4667431.497681345,3268273.481123074,0.262686297,142.163318478
1668742268.334539652,-2853474.870563911,4667431.354413829,3268273.725866536,-2853474.929435908,4667431.497963537,3268273.479100614,0.291489024,142.020379393
1668742268.935693741,-2853474.693036394,4667431.391546742,3268273.822249115,-2853474.921679423,4667431.393845229,3268273.612581751,0.310231077,142.044631724
1668742269.332784653,-2853474.656379790,4667431.398393054,3268273.843959790,-2853474.974513066,4667431.217824988,3268273.800334440,0.368397583,142.066901674
1668742269.533971786,-2853474.650242077,4667431.399737388,3268273.847169764,-2853475.000646774,4667431.144230230,3268273.888459120,0.435628478,141.928462552
1668742269.735302687,-2853474.660748117,4667431.382842659,3268273.862804821,-2853475.016471636,4667431.084641945,3268273.959687532,0.474182610,141.543130146
1668742270.132520676,-2853474.699081444,4667431.289683665,3268273.956099780,-2853475.049204820,4667430.959319974,3268274.112086915,0.506022265,141.906779600
1668742270.333659649,-2853474.729310488,4667431.223039003,3268274.019655915,-2853475.071674386,4667430.904659901,3268274.169363258,0.490907914,142.058255972
1668742270.534948587,-2853474.758563723,4667431.156254246,3268274.086348360,-2853475.084317770,4667430.849298749,3268274.235215019,0.471697634,142.362577776
1668742270.733472586,-2853474.789917807,4667431.089170280,3268274.153905806,-2853475.093979527,4667430.784165457,3268274.309432405,0.457897363,142.415852929
1668742271.133384705,-2853474.849770089,4667430.960962158,3268274.287553084,-2853475.132949525,4667430.642073867,3268274.459994570,0.460017827,142.500344312
1668742271.334572792,-2853474.879887723,4667430.897312881,3268274.350330705,-2853475.158622824,4667430.575929395,3268274.536850499,0.464510748,142.520123565
1668742271.533150673,-2853474.908307435,4667430.836473670,3268274.415117061,-2853475.179933297,4667430.510233411,3268274.626728269,0.474333868,142.558416176
1668742271.733045816,-2853474.937237454,4667430.774074269,3268274.481963634,-2853475.190138093,4667430.448376469,3268274.702592449,0.467669610,142.554236649
1668742271.932930708,-2853474.968505768,4667430.708058383,3268274.548151697,-2853475.206207134,4667430.380659267,3268274.765694426,0.459365823,142.600180727
1668742272.132831812,-2853474.998860385,4667430.643542921,3268274.612286735,-2853475.217908424,4667430.326469785,3268274.833866544,0.444539119,142.728912780
1668742272.332831621,-2853475.031109923,4667430.576029831,3268274.675483400,-2853475.231894752,4667430.271345732,3268274.913292230,0.435545620,142.835227627
1668742272.532712698,-2853475.061779777,4667430.504960472,3268274.738842858,-2853475.248996943,4667430.208236002,3268274.981142900,0.426385961,143.060731949
1668742272.732586622,-2853475.093496730,4667430.437936573,3268274.801802326,-2853475.275385344,4667430.160732809,3268275.025480714,0.399946767,143.080214311
1668742273.133780718,-2853475.157553540,4667430.301478590,3268274.930474435,-2853475.319969039,4667430.027594796,3268275.181262741,0.405321973,143.083829642
1668742273.332369804,-2853475.189119729,4667430.235096715,3268274.993615193,-2853475.334652096,4667429.946067993,3268275.277511563,0.430481616,143.258785000
1668742273.532215595,-2853475.222638322,4667430.167168027,3268275.058575147,-2853475.354891330,4667429.891317277,3268275.329596635,0.408701776,143.268794459
1668742273.733447790,-2853475.252190232,4667430.103688380,3268275.124973066,-2853475.378110482,4667429.837030684,3268275.392812839,0.398372163,143.036750393
1668742273.933390617,-2853475.283310501,4667430.039900794,3268275.186909729,-2853475.401659373,4667429.784899279,3268275.463894718,0.394655435,143.094346889
1668742275.131507635,-2853475.491396919,4667429.661254503,3268275.569077351,-2853475.509710684,4667429.398218121,3268275.911309314,0.432025750,143.444786916
1668742275.731304646,-2853475.589689402,4667429.463097869,3268275.758309687,-2853475.585961576,4667429.205956984,3268276.125944818,0.448654567,143.585734627
1668742275.932513714,-2853475.620586114,4667429.397946562,3268275.822294139,-2853475.602162418,4667429.128067144,3268276.221189077,0.481966290,143.521354611
1668742276.132490635,-2853475.654860036,4667429.331988744,3268275.883543115,-2853475.617005456,4667429.084099272,3268276.271491603,0.461937430,143.686338175
1668742276.332372665,-2853475.689399640,4667429.269096490,3268275.948661018,-2853475.641364738,4667429.035798736,3268276.317586410,0.439136811,143.907233003
1668742276.532284737,-2853475.723661568,4667429.202597385,3268276.015814995,-2853475.662150128,4667428.971729045,3268276.390692948,0.444541705,143.901771799
1668742276.730913639,-2853475.754797509,4667429.141043911,3268276.079464972,-2853475.685446292,4667428.906807995,3268276.471045555,0.461531590,143.894966964
1668742276.930734634,-2853475.790142582,4667429.077428894,3268276.142828931,-2853475.705392529,4667428.845234557,3268276.543136445,0.470470921,144.000023646
1668742277.132061720,-2853475.825879056,4667429.017195871,3268276.209081448,-2853475.722751196,4667428.794218012,3268276.598930827,0.460800412,144.078483977
1668742277.331934690,-2853475.861840952,4667428.952065764,3268276.270725468,-2853475.738630193,4667428.736710616,3268276.663947251,0.464953870,144.176743091
1668742277.531807661,-2853475.896166589,4667428.891426822,3268276.338634876,-2853475.791985516,4667428.649006225,3268276.790912211,0.523618401,144.145585485
1668742277.731812716,-2853475.928003229,4667428.827360296,3268276.401580424,-2853475.821979858,4667428.723139232,3268276.732193230,0.362502155,144.141927359
1668742277.931647778,-2853475.961567556,4667428.764951674,3268276.456726324,-2853475.798270431,4667428.779686568,3268276.652364362,0.255259299,144.138172993
1668742278.131593704,-2853475.995238138,4667428.703998681,3268276.514838052,-2853475.788794717,4667428.768477185,3268276.658354539,0.259563760,144.204602886
1668742278.331493616,-2853476.026781912,4667428.642792368,3268276.571113186,-2853475.810422773,4667428.759881503,3268276.644306578,0.256667908,144.344165223
1668742278.530136585,-2853476.061519691,4667428.586299282,3268276.624785706,-2853475.820383003,4667428.723975538,3268276.618105592,0.277752188,144.535993108
1668742278.731378794,-2853476.081525283,4667428.551321412,3268276.662112592,-2853475.873228956,4667428.701465894,3268276.604362187,0.263184032,145.120193215
1668742279.131255627,-2853476.083604360,4667428.550112559,3268276.662108294,-2853476.023001769,4667428.652363941,3268276.530404802,0.177408650,144.297360485
1668742279.331134796,-2853476.083865092,4667428.549895274,3268276.661433994,-2853476.099145338,4667428.629081206,3268276.501920488,0.178741312,144.462790813
1668742279.531037807,-2853476.096848844,4667428.547609895,3268276.647000841,-2853476.178049990,4667428.616339711,3268276.449099830,0.224682496,144.358939524
1668742279.730941772,-2853476.127244340,4667428.542645842,3268276.620242837,-2853476.253768048,4667428.595520729,3268276.434016404,0.231266700,144.308585488
1668742279.929527760,-2853476.179054148,4667428.529911160,3268276.582828672,-2853476.321457543,4667428.573319414,3268276.420532823,0.220233845,144.391874875
1668742280.129411697,-2853476.235912547,4667428.519067938,3268276.545797087,-2853476.385305485,4667428.562254779,3268276.381191709,0.226447087,144.310731372
1668742280.330721617,-2853476.301988660,4667428.506724779,3268276.501510860,-2853476.448310028,4667428.540074919,3268276.354798792,0.209872832,144.290214339
1668742280.530542612,-2853476.366288589,4667428.496599100,3268276.456246784,-2853476.520517121,4667428.528951147,3268276.308080205,0.216301711,144.276423832
1668742280.729223728,-2853476.431905137,4667428.482326519,3268276.408516704,-2853476.593323425,4667428.511934972,3268276.280156416,0.208347997,144.305971674
1668742280.930389643,-2853476.495772801,4667428.468856279,3268276.362687561,-2853476.668576655,4667428.513772067,3268276.235160432,0.219412326,144.212799966
1668742281.130296707,-2853476.561690419,4667428.461588725,3268276.316652558,-2853476.742106149,4667428.497531405,3268276.197566139,0.219142161,144.155021968
1668742281.530189753,-2853476.694814146,4667428.441288048,3268276.231460488,-2853476.878712128,4667428.439533057,3268276.157003730,0.198407048,144.173250867
1668742281.730071783,-2853476.763337035,4667428.433646335,3268276.188786136,-2853476.944289126,4667428.433504956,3268276.119184164,0.193876542,144.279234139
1668742281.930031776,-2853476.829737220,4667428.424186588,3268276.147457072,-2853477.016048823,4667428.399758195,3268276.112355326,0.191156722,144.099571191
1668742282.129899740,-2853476.897607919,4667428.413300443,3268276.101879191,-2853477.094958353,4667428.381604139,3268276.085435155,0.200554870,144.097892692
1668742282.529690742,-2853477.030351198,4667428.393800188,3268276.021536539,-2853477.233682253,4667428.333125493,3268276.033190843,0.212510610,143.973540346
1668742282.729632616,-2853477.096360897,4667428.381972219,3268275.980948946,-2853477.298947649,4667428.321452408,3268275.975398731,0.211506133,144.129729434
1668742282.929553747,-2853477.159738558,4667428.372144596,3268275.940609792,-2853477.363760052,4667428.305920070,3268275.925976390,0.214999057,144.037180728
1668742283.129470587,-2853477.224680227,4667428.364181347,3268275.898655679,-2853477.446514287,4667428.297367532,3268275.891733559,0.231780827,144.019378320
1668742283.529380798,-2853477.358655066,4667428.343046376,3268275.815282302,-2853477.593075344,4667428.244525261,3268275.832361026,0.254854782,143.949838407
1668742283.929233789,-2853477.492402392,4667428.313503324,3268275.727498655,-2853477.719523831,4667428.197493902,3268275.754416297,0.256450568,144.006312182
1668742284.129163742,-2853477.560641148,4667428.301604122,3268275.682872841,-2853477.761552308,4667428.184845279,3268275.720264056,0.235363601,143.941181681
1668742284.329067707,-2853477.627089006,4667428.286973278,3268275.635432066,-2853477.823328876,4667428.154151672,3268275.691704731,0.243553440,143.939464816
1668742284.528972626,-2853477.692508516,4667428.273057343,3268275.591920312,-2853477.887207096,4667428.104980151,3268275.695202580,0.277172701,143.771200340
1668742284.728877783,-2853477.758890511,4667428.258311304,3268275.548355902,-2853477.977247594,4667428.100934628,3268275.652326286,0.288543020,143.710268678
1668742284.928881645,-2853477.827179029,4667428.247964109,3268275.505818568,-2853478.041284991,4667428.101723645,3268275.605251496,0.277695056,143.885251084
1668742285.128849745,-2853477.891457051,4667428.237830080,3268275.464287669,-2853478.106252716,4667428.104356069,3268275.557496495,0.269518783,143.800270609
1668742285.328811646,-2853477.955193191,4667428.228033622,3268275.419519318,-2853478.178734771,4667428.101961289,3268275.510299855,0.272224497,143.656385056
1668742285.528667688,-2853478.021765024,4667428.219266167,3268275.380809511,-2853478.236482954,4667428.078700387,3268275.483071717,0.276260903,143.656001815
1668742285.928534746,-2853478.150354325,4667428.196205360,3268275.305944386,-2853478.273174988,4667428.020672399,3268275.502998538,0.291079155,143.800199129
1668742286.128433704,-2853478.211973263,4667428.185675353,3268275.266143355,-2853478.261896808,4667428.023616077,3268275.495051242,0.284876096,143.819202166
1668742286.528283596,-2853478.331973800,4667428.167676476,3268275.187434576,-2853478.260903353,4667428.059544981,3268275.453720149,0.296059851,143.436441990
1668742286.728251696,-2853478.389537395,4667428.156490851,3268275.147345563,-2853478.252091510,4667428.114807521,3268275.390210690,0.282156591,143.426971064
1668742286.928212643,-2853478.434989515,4667428.144866748,3268275.119045424,-2853478.237460233,4667428.121268393,3268275.378989569,0.327331114,143.516394753
1668742287.128208637,-2853478.455581320,4667428.138074811,3268275.108027359,-2853478.213426276,4667428.129426540,3268275.369497570,0.356483561,143.731106393
1668742287.328166723,-2853478.454165746,4667428.136665746,3268275.109287873,-2853478.201423952,4667428.165880949,3268275.317805036,0.328954936,143.739227869
1668742287.527896643,-2853478.453188063,4667428.135028227,3268275.109366934,-2853478.189834400,4667428.204903851,3268275.274410934,0.318554982,143.824832218
1668742287.727947712,-2853478.445256636,4667428.151148633,3268275.092467556,-2853478.172903165,4667428.252890169,3268275.230241417,0.321728752,143.935571312
1668742287.927634716,-2853478.427095653,4667428.181520506,3268275.061750633,-2853478.169156551,4667428.306192687,3268275.169650327,0.306134083,143.685836700
1668742288.127495766,-2853478.406618329,4667428.213973843,3268275.030905372,-2853478.159913027,4667428.361012192,3268275.103894659,0.296329576,143.441590943
1668742288.327443600,-2853478.390368507,4667428.249536090,3268274.996165654,-2853478.132908736,4667428.412210492,3268275.044211107,0.308312926,143.532095737
1668742288.527396679,-2853478.369513142,4667428.288334027,3268274.958229190,-2853478.110994279,4667428.475641506,3268274.960949379,0.319254591,143.823441955
1668742288.727339745,-2853478.348958550,4667428.332695344,3268274.916692671,-2853478.093065773,4667428.533906844,3268274.899719795,0.325968187,143.779880588
1668742288.927140713,-2853478.327440715,4667428.381078197,3268274.871958632,-2853478.083835314,4667428.579010346,3268274.834106240,0.316154283,143.772584160
1668742289.127048731,-2853478.307694867,4667428.429625539,3268274.822361429,-2853478.063301573,4667428.631675377,3268274.757734880,0.323618309,143.765361296
1668742289.328343630,-2853478.281208928,4667428.480837685,3268274.772706144,-2853478.034717935,4667428.693163670,3268274.690256753,0.335615905,143.685997500
1668742289.526959658,-2853478.255914786,4667428.538848587,3268274.717488771,-2853478.018911595,4667428.757115692,3268274.619821459,0.336674837,143.530191802
1668742289.726862669,-2853478.230185865,4667428.599944017,3268274.657496657,-2853478.004621595,4667428.814223920,3268274.553596924,0.328009560,143.425286856
1668742289.926724672,-2853478.205783822,4667428.658814635,3268274.596649690,-2853478.001473741,4667428.865401406,3268274.498838513,0.306574182,143.463171332
1668742290.128078699,-2853478.177699199,4667428.716467299,3268274.539530254,-2853477.973052884,4667428.918012382,3268274.430559132,0.307205534,143.494120195
1668742290.326678753,-2853478.151382906,4667428.776105073,3268274.478570444,-2853477.952596818,4667428.995377696,3268274.326125411,0.332920231,143.367129423
1668742290.526581764,-2853478.124478403,4667428.837291094,3268274.416822704,-2853477.935990579,4667429.044256427,3268274.284159209,0.309777197,143.157116095
1668742290.726490736,-2853478.094776598,4667428.897396353,3268274.358165103,-2853477.956343358,4667429.112940324,3268274.225196764,0.288623533,143.148198512
1668742290.927759647,-2853478.063394693,4667428.956364660,3268274.297189271,-2853477.948514018,4667429.170749886,3268274.170569662,0.274209993,143.158905370
1668742291.127618790,-2853478.035448024,4667429.012173499,3268274.235896501,-2853477.922881091,4667429.232051772,3268274.100749959,0.281571229,143.215588038
1668742291.326251745,-2853478.008061557,4667429.069912875,3268274.176874772,-2853477.906956240,4667429.302067191,3268274.012019021,0.302151171,143.079939128
1668742291.527468681,-2853477.977185531,4667429.129708922,3268274.113048219,-2853477.880967598,4667429.351362948,3268273.940657507,0.296828158,142.996402609
1668742292.125954628,-2853477.885961173,4667429.298194751,3268273.938334722,-2853477.831814618,4667429.436086719,3268273.810180771,0.195881289,143.073989614
1668742292.325860739,-2853477.859121907,4667429.350721770,3268273.884446110,-2853477.831149299,4667429.494867802,3268273.738181452,0.207253216,142.824296018
1668742292.527103662,-2853477.832231641,4667429.402519911,3268273.827493703,-2853477.824780290,4667429.572726406,3268273.667626169,0.233630910,142.800437531
1668742292.925601721,-2853477.784790532,4667429.512751800,3268273.719628972,-2853477.800311428,4667429.668486262,3268273.545782343,0.233916163,142.666677028
1668742293.525397778,-2853477.720484258,4667429.669609961,3268273.568494520,-2853477.766272631,4667429.789740174,3268273.396726613,0.214550826,142.829613571
1668742293.725275755,-2853477.698390921,4667429.721102046,3268273.522299415,-2853477.761473438,4667429.835320185,3268273.350489293,0.215740366,142.726836024
1668742294.126549721,-2853477.658550047,4667429.821974477,3268273.430460603,-2853477.738952573,4667429.957410390,3268273.217408915,0.264949948,142.596325377
1668742294.325073719,-2853477.636318446,4667429.871720812,3268273.381443632,-2853477.687988713,4667430.004255188,3268273.144808407,0.276100357,142.501347567
1668742294.525016785,-2853477.614999212,4667429.917199935,3268273.331605775,-2853477.684291047,4667429.932926770,3268273.266323078,0.096491047,142.627406649
1668742294.726273775,-2853477.593524454,4667429.964602732,3268273.281896330,-2853477.658695909,4667429.892627908,3268273.322863361,0.105384968,142.547848520
1668742294.926196814,-2853477.574736373,4667430.013097906,3268273.235838515,-2853477.590837453,4667429.914543098,3268273.340798664,0.144875560,142.355412902
1668742295.324714661,-2853477.538503654,4667430.096481548,3268273.150171096,-2853477.452329528,4667429.957782915,3268273.396260339,0.295335752,142.160921300
1668742295.525911808,-2853477.529408136,4667430.121564994,3268273.127771502,-2853477.392582032,4667429.998621081,3268273.421481667,0.346557714,141.607803140
1668742295.725918770,-2853477.514752977,4667430.125771682,3268273.131776303,-2853477.316296284,4667430.030099881,3268273.453406844,0.389851712,141.850296707
1668742295.924476624,-2853477.482227323,4667430.123904031,3268273.156016782,-2853477.256091347,4667430.046521935,3268273.479828399,0.402466683,142.755639113
1668742296.525606632,-2853477.303345296,4667430.153347647,3268273.258827035,-2853477.050014096,4667430.119026316,3268273.566198549,0.399789817,142.758920886
1668742296.924071789,-2853477.169446132,4667430.176560313,3268273.334686514,-2853476.898951285,4667430.183744003,3268273.626332362,0.397839627,142.569597519
1668742297.125354767,-2853477.105123488,4667430.188123966,3268273.371613340,-2853476.824384965,4667430.198796722,3268273.659534649,0.402276902,142.474168056
1668742297.325308800,-2853477.038921186,4667430.201159489,3268273.410182143,-2853476.763009405,4667430.199235409,3268273.713973416,0.410390242,142.559107392
1668742297.925037622,-2853476.837609474,4667430.243809905,3268273.533271731,-2853476.540382131,4667430.287136300,3268273.775101108,0.385619913,142.780255022
1668742298.523514748,-2853476.620925384,4667430.287858419,3268273.658297695,-2853476.288649817,4667430.352810338,3268273.863356802,0.395821982,142.998015597
1668742298.724763632,-2853476.543063131,4667430.302483385,3268273.704377227,-2853476.212370789,4667430.387431670,3268273.885231234,0.386370040,142.940601126
1668742298.924716711,-2853476.467831133,4667430.321826499,3268273.744918057,-2853476.144227505,4667430.410398789,3268273.927144882,0.381799652,142.781149714
1668742299.123309612,-2853476.396894818,4667430.338318653,3268273.786917523,-2853476.072179561,4667430.411098497,3268273.962392381,0.376202511,142.739714625
1668742299.324569702,-2853476.326476249,4667430.351995004,3268273.830400211,-2853475.995177420,4667430.401243944,3268274.020496911,0.385124821,142.900884510
1668742299.524458647,-2853476.256063906,4667430.367780670,3268273.873929441,-2853475.917098788,4667430.447863500,3268274.042809052,0.387080010,143.007988077
1668742299.923027754,-2853476.114104669,4667430.396021219,3268273.963561821,-2853475.740840881,4667430.520845881,3268274.086309483,0.412279080,142.941304202
1668742300.124267817,-2853476.042050213,4667430.409707326,3268274.007177624,-2853475.674038002,4667430.539012294,3268274.126565496,0.407929192,142.885083961
1668742300.324227810,-2853475.974204750,4667430.425352743,3268274.049543645,-2853475.611604508,4667430.536755552,3268274.195756296,0.406531254,142.941326009
1668742300.524123669,-2853475.901383309,4667430.439394752,3268274.094937633,-2853475.542032011,4667430.583970076,3268274.205492721,0.402812372,143.161285584
1668742300.724048615,-2853475.825665405,4667430.452927005,3268274.140312879,-2853475.463259120,4667430.628245263,3268274.209650072,0.408512489,143.179921152
1668742300.923970699,-2853475.748732395,4667430.467320579,3268274.181783287,-2853475.368941510,4667430.644581200,3268274.241616154,0.423370306,142.956693819
1668742301.123894691,-2853475.673972312,4667430.484951813,3268274.222496055,-2853475.292991628,4667430.660226498,3268274.280739204,0.423390790,142.881888342
1668742301.322499752,-2853475.600092699,4667430.498403106,3268274.267193666,-2853475.253718835,4667430.690229078,3268274.293904589,0.396844466,142.968143154
1668742301.523774624,-2853475.523789660,4667430.509429896,3268274.309954443,-2853475.227045973,4667430.713730818,3268274.296432725,0.360525337,143.154833142
1668742301.923649788,-2853475.372429557,4667430.535008115,3268274.392285698,-2853475.258837126,4667430.637133413,3268274.380640452,0.153194088,143.058881522
1668742302.123565674,-2853475.297657262,4667430.549291435,3268274.434385740,-2853475.277961047,4667430.566422200,3268274.460644463,0.037025997,142.929869350
1668742302.323465586,-2853475.228371534,4667430.562945694,3268274.474293705,-2853475.287383587,4667430.516936915,3268274.526174809,0.091054264,143.024164152
1668742302.723319769,-2853475.143204798,4667430.580765914,3268274.535297563,-2853475.327213954,4667430.367517896,3268274.667969733,0.311345454,142.778303599
1668742303.123164654,-2853475.167203393,4667430.544787414,3268274.595852518,-2853475.366203458,4667430.252545746,3268274.816804849,0.416924634,142.887270896
1668742303.323135614,-2853475.184236669,4667430.506625429,3268274.636923739,-2853475.384018799,4667430.202622510,3268274.866750760,0.430291917,142.992915321
1668742303.523117781,-2853475.208700560,4667430.459210134,3268274.689676541,-2853475.401945923,4667430.129964640,3268274.950801833,0.462528684,142.814590961
1668742303.922953606,-2853475.274064395,4667430.330040993,3268274.817310512,-2853475.441226807,4667430.000346053,3268275.102611633,0.466946202,143.481121587
1668742304.122860670,-2853475.306162238,4667430.266195760,3268274.881170358,-2853475.455243409,4667429.952257005,3268275.170285347,0.452073240,143.602911888
1668742304.322738647,-2853475.338432332,4667430.196950727,3268274.945927957,-2853475.473612098,4667429.895657048,3268275.240684193,0.442642847,143.495300872
1668742304.522682667,-2853475.369600659,4667430.127395230,3268275.005554617,-2853475.499736783,4667429.829432624,3268275.318828430,0.451505933,143.365465666
1668742304.722612619,-2853475.399738550,4667430.058782634,3268275.065549225,-2853475.528929020,4667429.750085245,3268275.396740576,0.470820525,143.411112295
1668742304.922601700,-2853475.432405928,4667429.990872297,3268275.127111439,-2853475.534889073,4667429.694593849,3268275.456202447,0.454515792,143.583801211
1668742305.122495651,-2853475.464612070,4667429.924023632,3268275.192011814,-2853475.554067482,4667429.650307154,3268275.515882964,0.433376860,143.708211474
1668742305.322425604,-2853475.495681057,4667429.859672311,3268275.253967690,-2853475.570976287,4667429.589180836,3268275.587957211,0.436330162,143.586684591
1668742305.522408724,-2853475.528497590,4667429.796878583,3268275.321086505,-2853475.596038874,4667429.518893214,3268275.654976353,0.439681840,143.540429892
1668742305.722347736,-2853475.564959639,4667429.737028053,3268275.391094574,-2853475.621912180,4667429.441804350,3268275.744798419,0.464227354,143.596040895
1668742305.922273636,-2853475.602175678,4667429.676526260,3268275.459327686,-2853475.640931891,4667429.381117753,3268275.820007159,0.467822522,143.752651495
1668742306.122185707,-2853475.635583870,4667429.611099157,3268275.523861702,-2853475.662804015,4667429.322855518,3268275.890136814,0.466886270,143.951383952
1668742306.322232723,-2853475.673030846,4667429.547089547,3268275.592369290,-2853475.681688767,4667429.254319442,3268275.966946017,0.475496602,143.816840341
1668742306.522212744,-2853475.703252742,4667429.483841250,3268275.660026388,-2853475.708707342,4667429.194932922,3268276.034134550,0.472709945,143.731780863
1668742306.722069740,-2853475.736098224,4667429.418999587,3268275.721246449,-2853475.729919611,4667429.134421806,3268276.102626051,0.475891889,143.860662324
1668742306.922042608,-2853475.767811346,4667429.351465411,3268275.784924470,-2853475.741029112,4667429.080133476,3268276.170816380,0.472494311,144.162094313
1668742307.121912718,-2853475.801153054,4667429.282706276,3268275.845946087,-2853475.759179950,4667429.028264677,3268276.222839879,0.456674063,144.140454633
1668742307.321941614,-2853475.834304364,4667429.217669856,3268275.909025085,-2853475.780729063,4667428.959835441,3268276.303166429,0.474021410,144.068209766
1668742307.521831751,-2853475.867094046,4667429.149433317,3268275.967572880,-2853475.812919327,4667428.935679005,3268276.336172927,0.429525087,144.205271977
1668742307.721762657,-2853475.899554034,4667429.080762147,3268276.028909098,-2853475.795096889,4667428.961499809,3268276.292229444,0.307363636,144.282222722
1668742307.921739817,-2853475.931375696,4667429.015595662,3268276.089333050,-2853475.774488560,4667428.980699915,3268276.278022487,0.247860829,144.423876121
1668742308.121704817,-2853475.963477288,4667428.952180482,3268276.148932813,-2853475.772651086,4667428.991620466,3268276.264565427,0.226585642,144.386237984
1668742308.321636677,-2853475.995061260,4667428.895816106,3268276.207501307,-2853475.779046647,4667428.989735022,3268276.265211476,0.242515030,144.355021419
1668742308.522685766,-2853476.024295296,4667428.848346099,3268276.261584259,-2853475.779244270,4667428.980506601,3268276.268864733,0.278512852,144.504491998
1668742308.721532583,-2853476.038230500,4667428.822010999,3268276.290754002,-2853475.777255841,4667428.979024980,3268276.272460796,0.305116051,144.909834300
1668742308.921249628,-2853476.038607843,4667428.819654313,3268276.299916510,-2853475.781148934,4667428.976616524,3268276.274529521,0.302599942,144.514586738
1668742309.121129751,-2853476.033140000,4667428.823228183,3268276.292786716,-2853475.780073009,4667428.982707190,3268276.267007181,0.300234974,144.223076629
1668742309.322361708,-2853476.032140349,4667428.821266332,3268276.295303319,-2853475.781433655,4667428.984381767,3268276.266072493,0.300524429,144.314028865
1668742309.522360802,-2853476.033424679,4667428.816282018,3268276.293270642,-2853475.780703836,4667428.983158562,3268276.265943846,0.304076239,144.284860967
1668742309.720881701,-2853476.033594549,4667428.817206955,3268276.288868797,-2853475.778701025,4667428.984132277,3268276.269778039,0.305285488,144.261850542
1668742309.920806646,-2853476.032561361,4667428.815237042,3268276.287273412,-2853475.778119686,4667428.982639195,3268276.272022674,0.304953492,144.258476957
1668742310.122167587,-2853476.032181597,4667428.813699329,3268276.287471598,-2853475.779965113,4667428.983271674,3268276.268629439,0.304504453,144.262665980
1668742310.322022676,-2853476.028986027,4667428.807924040,3268276.282076027,-2853475.778508908,4667428.980427052,3268276.269358007,0.304397477,144.251776251
1668742310.520620584,-2853476.028117868,4667428.806144097,3268276.279467868,-2853475.778855843,4667428.979076837,3268276.270108697,0.303520813,144.250870655
1668742310.720580816,-2853476.028288197,4667428.806155409,3268276.278231803,-2853475.776301225,4667428.978355530,3268276.267439235,0.305396128,144.244796464
1668742310.921866655,-2853476.029083334,4667428.807065830,3268276.277916666,-2853475.776378914,4667428.981195846,3268276.271408039,0.306957894,144.245580711
1668742311.121755600,-2853476.029758639,4667428.807992723,3268276.277697089,-2853475.778631624,4667428.982355976,3268276.273452367,0.305753724,144.248652554
1668742311.320411682,-2853476.030167531,4667428.806666172,3268276.276372469,-2853475.781536075,4667428.977632465,3268276.274897238,0.301743684,144.248817538
1668742311.520306587,-2853476.029521384,4667428.805432956,3268276.279022893,-2853475.778475083,4667428.980163467,3268276.271051565,0.305971467,144.255873236
1668742311.721589804,-2853476.029453324,4667428.805027765,3268276.281383324,-2853475.779244131,4667428.983570594,3268276.268678313,0.307641999,144.262451542
1668742311.921596766,-2853476.030327821,4667428.806534358,3268276.280233307,-2853475.780913075,4667428.980325084,3268276.276876031,0.304010203,144.259968033
1668742312.120148659,-2853476.030931768,4667428.805437651,3268276.279211768,-2853475.780492248,4667428.982099253,3268276.270905911,0.306591359,144.260656003
1668742312.320108652,-2853476.032075920,4667428.807671839,3268276.279035920,-2853475.780021537,4667428.982999794,3268276.268519551,0.307216369,144.261500696
1668742312.521404743,-2853476.033254624,4667428.809783874,3268276.279194625,-2853475.780869001,4667428.983003596,3268276.272363998,0.306186598,144.259691820
