start_timestamp,matched_end_timestamp,requested_delta_s,translation_error_m,rotation_error_deg
1668742170.358657598,1668742171.360039711,1.000,0.013750601,0.029200446
1668742170.559936762,1668742171.559962749,1.000,0.011614018,0.035106975
1668742170.760025740,1668742171.758674622,1.000,0.011280134,0.029104606
1668742171.360039711,1668742172.360071659,1.000,0.004008191,0.028793116
1668742171.559962749,1668742172.558800697,1.000,0.006603229,0.028166311
1668742171.758674622,1668742172.758753777,1.000,0.007874424,0.029469385
1668742172.360071659,1668742173.358816624,1.000,0.002907793,0.026677433
1668742172.558800697,1668742173.558819771,1.000,0.003771347,0.024862293
1668742172.758753777,1668742173.760151625,1.000,0.003975477,0.026207281
1668742172.960126638,1668742173.960267782,1.000,0.003311828,0.033129838
1668742173.160077810,1668742174.158826590,1.000,0.002337611,0.033432210
1668742173.358816624,1668742174.358832598,1.000,0.004225763,0.033606826
1668742173.558819771,1668742174.560180664,1.000,0.005487276,0.033325655
1668742173.760151625,1668742174.760230780,1.000,0.006014852,0.031359407
1668742173.960267782,1668742174.960220814,1.000,0.005869504,0.029901473
1668742174.158826590,1668742175.158986807,1.000,0.005444614,0.031006543
1668742174.358832598,1668742175.360229731,1.000,0.004007853,0.033252108
1668742174.560180664,1668742175.560219765,1.000,0.002495158,0.035749370
1668742174.760230780,1668742175.760231733,1.000,0.002649389,0.035602278
1668742174.960220814,1668742175.959006786,1.000,0.000786780,0.034361530
1668742175.360229731,1668742176.360270739,1.000,0.002138884,0.035511908
1668742175.760231733,1668742176.760242701,1.000,0.001767800,0.035426915
1668742177.160282612,1668742178.160373688,1.000,0.006150770,0.032851334
1668742177.560363770,1668742178.560409784,1.000,0.002397360,0.041564407
1668742177.960397720,1668742178.960489750,1.000,0.004958899,0.039524481
1668742178.160373688,1668742179.160400629,1.000,0.002304459,0.040665518
1668742178.360345602,1668742179.360432625,1.000,0.004825383,0.039936307
1668742178.960489750,1668742179.960558653,1.000,0.015024708,0.030301936
1668742179.360432625,1668742180.360593796,1.000,0.016840426,0.027608145
1668742180.360593796,1668742181.361882687,1.000,0.005953109,0.030432960
1668742181.960800648,1668742182.960823774,1.000,0.009449163,0.029221302
1668742182.560912609,1668742183.560700655,1.000,0.007499628,0.031161042
1668742183.560700655,1668742184.560771704,1.000,0.008262008,0.032906323
1668742184.560771704,1668742185.562146664,1.000,0.007462543,0.034112704
1668742185.360784769,1668742186.362163782,1.000,0.006160050,0.041502757
1668742186.362163782,1668742187.360959768,1.000,0.006912353,0.025691216
1668742187.962275743,1668742188.960972786,1.000,0.011129685,0.036138318
1668742189.360996723,1668742190.362410784,1.000,0.062454568,0.038065443
1668742190.162425756,1668742191.162428617,1.000,0.109961497,0.023734947
1668742190.362410784,1668742191.361122608,1.000,0.101174813,0.160187648
1668742191.361122608,1668742192.362490654,1.000,0.049005337,0.409702656
1668742191.561144590,1668742192.561151743,1.000,0.049379679,0.319310264
1668742192.561151743,1668742193.562613726,1.000,0.143553017,0.294046868
1668742192.762466669,1668742193.762577772,1.000,0.126237697,0.198825119
1668742192.962577581,1668742193.961215734,1.000,0.076826225,0.462180026
1668742193.562613726,1668742194.562540770,1.000,0.083572180,0.703401608
1668742193.961215734,1668742194.961291790,1.000,0.115657746,0.389402865
1668742194.161251783,1668742195.162653685,1.000,0.111835054,0.291441828
1668742194.961291790,1668742195.962695599,1.000,0.104813656,0.624517018
1668742195.762651682,1668742196.762694597,1.000,0.099509230,0.445032241
1668742196.362687588,1668742197.361413717,1.000,0.080297294,0.665235193
1668742196.561395645,1668742197.562761784,1.000,0.081447744,0.550153820
1668742197.162783623,1668742198.161493778,1.000,0.103429751,0.505868026
1668742197.961507797,1668742198.961499691,1.000,0.109068278,0.667660600
1668742198.161493778,1668742199.162829638,1.000,0.237265582,0.672899534
1668742198.762804747,1668742199.762903690,1.000,0.449815445,0.830870519
1668742198.961499691,1668742199.962885618,1.000,0.508889182,0.910779417
1668742199.162829638,1668742200.164253712,1.000,0.359972352,1.046772195
1668742199.362829685,1668742200.362984657,1.000,0.273814590,1.104860264
1668742199.962885618,1668742200.963074684,1.000,0.129735224,1.706978430
1668742200.362984657,1668742201.363023758,1.000,0.208807200,2.341306020
1668742200.963074684,1668742201.964343786,1.000,0.144392604,1.981144415
1668742201.563090801,1668742202.563174725,1.000,0.066987016,0.575735139
1668742201.763071775,1668742202.763220787,1.000,0.043584922,0.613023049
1668742202.161637783,1668742203.161775589,1.000,0.022439167,0.331800997
1668742202.563174725,1668742203.563304663,1.000,0.044191989,0.348129938
1668742202.763220787,1668742203.761773586,1.000,0.049104076,0.137999116
1668742203.161775589,1668742204.163402796,1.000,0.072500779,0.278234515
1668742203.364382744,1668742204.363080740,1.000,0.082413919,0.191027028
1668742203.761773586,1668742204.761771679,1.000,0.102822401,0.388276297
1668742204.163402796,1668742205.163176775,1.000,0.085410792,0.285529003
1668742204.761771679,1668742205.764535666,1.000,0.074683009,0.146721531
1668742204.963135719,1668742205.964571714,1.000,0.074113353,0.241495780
1668742205.561867714,1668742206.564573765,1.000,0.080430217,0.285843502
1668742205.964571714,1668742206.963251591,1.000,0.059066315,0.157365430
1668742206.963251591,1668742207.964622736,1.000,0.091752087,0.261724125
1668742207.763335705,1668742208.764818668,1.000,0.070338037,0.195604742
1668742207.964622736,1668742208.964682579,1.000,0.073643274,0.303197917
1668742208.363360643,1668742209.364733696,1.000,0.169020923,0.392998441
1668742208.764818668,1668742209.763417721,1.000,0.285345022,0.096599347
1668742208.964682579,1668742209.963475704,1.000,0.321209444,0.127451226
1668742209.364733696,1668742210.364758730,1.000,0.302888444,0.095224284
1668742209.564782619,1668742210.564744711,1.000,0.279462834,0.434971646
1668742209.763417721,1668742210.763304710,1.000,0.227806689,0.385979955
1668742209.963475704,1668742210.963172674,1.000,0.161751643,0.243041658
1668742210.364758730,1668742211.364182711,1.000,0.080963263,0.114851923
1668742210.763304710,1668742211.762607813,1.000,0.067406726,0.329388091
1668742211.364182711,1668742212.362232685,1.000,0.082659089,0.334944623
1668742211.762607813,1668742212.763324738,1.000,0.108358734,0.110656851
1668742212.362232685,1668742213.362826586,1.000,0.112412100,0.540628318
1668742212.563375711,1668742213.562708616,1.000,0.093382453,0.523561148
1668742212.763324738,1668742213.762562752,1.000,0.064329528,0.422247651
1668742212.961761713,1668742213.962407589,1.000,0.066730442,0.370826468
1668742213.362826586,1668742214.362175703,1.000,0.076684485,0.322695517
1668742213.562708616,1668742214.562071800,1.000,0.080249615,0.392775148
1668742213.762562752,1668742214.761876583,1.000,0.077518181,0.418816942
1668742213.962407589,1668742214.961780787,1.000,0.086585165,0.354887103
1668742214.162270784,1668742215.161714792,1.000,0.092503069,0.382426686
1668742214.362175703,1668742215.361465693,1.000,0.097030385,0.352806876
1668742214.761876583,1668742215.761206627,1.000,0.108228120,0.436008999
1668742214.961780787,1668742215.961052656,1.000,0.117753884,0.368053645
1668742215.161714792,1668742216.160972595,1.000,0.092163960,0.300201854
1668742215.361465693,1668742216.360791683,1.000,0.084104564,0.324232021
1668742215.761206627,1668742216.760604620,1.000,0.112665401,0.260720857
1668742215.961052656,1668742216.960448742,1.000,0.069531751,0.354184031
1668742216.160972595,1668742217.160277605,1.000,0.072731244,0.534544874
1668742216.360791683,1668742217.360127687,1.000,0.056858192,0.445951876
1668742216.760604620,1668742217.759831667,1.000,0.095809478,0.337400704
1668742216.960448742,1668742217.959712744,1.000,0.088971479,0.843329328
1668742217.160277605,1668742218.159585714,1.000,0.092608598,0.373236546
1668742217.360127687,1668742218.359480619,1.000,0.082182463,0.470180483
1668742217.759831667,1668742218.757847786,1.000,0.079664366,0.591088126
1668742217.959712744,1668742218.957720757,1.000,0.155648659,1.227513893
1668742218.159585714,1668742219.157597780,1.000,0.157238607,0.718872720
1668742218.359480619,1668742219.358768702,1.000,0.224801894,0.658319268
1668742218.957720757,1668742219.957081795,1.000,0.496976093,0.746979379
1668742219.157597780,1668742220.158305645,1.000,0.630094966,0.942663884
1668742219.358768702,1668742220.358134747,1.000,0.412759719,1.478176785
1668742219.557336807,1668742220.556731701,1.000,0.322008177,1.344101451
1668742219.957081795,1668742220.957809687,1.000,0.314753845,0.866650070
1668742220.158305645,1668742221.157645702,1.000,0.196523655,1.051097341
1668742220.957809687,1668742221.957153797,1.000,0.050830410,0.623483607
1668742221.157645702,1668742222.157118797,1.000,0.040897145,0.332172174
1668742221.757311583,1668742222.756711721,1.000,0.050538350,0.519247656
1668742221.957153797,1668742222.956604719,1.000,0.043552465,0.353357833
1668742222.157118797,1668742223.156492710,1.000,0.144320936,0.378221375
1668742222.355533600,1668742223.356377602,1.000,0.158536532,0.242778348
1668742222.556864738,1668742223.556293726,1.000,0.101403522,0.166604958
1668742222.756711721,1668742223.756167650,1.000,0.086434985,0.263591706
1668742222.956604719,1668742223.956056595,1.000,0.096148385,0.205540614
1668742223.356377602,1668742224.355824709,1.000,0.019723194,0.506688320
1668742223.956056595,1668742224.955495596,1.000,0.044666783,0.467030768
1668742225.153734684,1668742226.155799627,1.000,0.041368063,0.193409615
1668742225.556155682,1668742226.554245710,1.000,0.035001593,0.193275297
1668742226.155799627,1668742227.153889656,1.000,0.118376521,0.262412945
1668742226.554245710,1668742227.553552628,1.000,0.022716023,0.360047643
1668742226.953959703,1668742227.954680681,1.000,0.026962934,0.278304653
1668742227.153889656,1668742228.153308630,1.000,0.055788780,0.532723525
1668742227.553552628,1668742228.552988768,1.000,0.069187209,0.366704711
1668742227.754883766,1668742228.752838612,1.000,0.052000285,0.088507920
1668742228.153308630,1668742229.152598619,1.000,0.089047839,0.201688078
1668742228.351822615,1668742229.352498770,1.000,0.155536880,0.486449063
1668742228.552988768,1668742229.552364588,1.000,0.239206608,0.413786431
1668742229.152598619,1668742230.153317690,1.000,0.316241004,0.281209025
1668742229.352498770,1668742230.351956606,1.000,0.349623551,0.111235642
1668742230.153317690,1668742231.151416779,1.000,0.461080131,1.143532192
1668742230.351956606,1668742231.351283789,1.000,0.306628105,0.693164841
1668742230.753038645,1668742231.752386808,1.000,0.152402701,0.921098484
1668742230.952826738,1668742231.950896740,1.000,0.095533623,1.106599594
1668742231.151416779,1668742232.150790691,1.000,0.079767664,1.330321644
1668742231.351283789,1668742232.352023602,1.000,0.079801302,0.793726543
1668742231.752386808,1668742232.750488758,1.000,0.069358765,0.782029886
1668742231.950896740,1668742232.950285673,1.000,0.074983161,0.666218501
1668742232.150790691,1668742233.151521683,1.000,0.080404092,0.607912104
1668742232.352023602,1668742233.351403713,1.000,0.087371081,0.601936516
1668742232.750488758,1668742233.751190662,1.000,0.084713610,0.467782542
1668742232.950285673,1668742233.951084614,1.000,0.083021750,0.615901819
1668742233.151521683,1668742234.150980711,1.000,0.077332180,0.533464787
1668742233.351403713,1668742234.349521637,1.000,0.059754618,0.588119695
1668742233.751190662,1668742234.750614643,1.000,0.058393522,0.712686687
1668742234.150980711,1668742235.149078608,1.000,0.063106628,0.552935674
1668742235.149078608,1668742236.149787664,1.000,0.099517685,0.732192813
1668742235.948625803,1668742236.949290752,1.000,0.073922373,0.707573224
1668742236.149787664,1668742237.149323702,1.000,0.066709930,0.610735463
1668742238.348513603,1668742239.347917795,1.000,0.356979677,0.513109311
1668742239.148023605,1668742240.147475719,1.000,0.357064194,0.488466025
1668742239.347917795,1668742240.347379684,1.000,0.290269376,0.265637587
1668742239.947575808,1668742240.947153807,1.000,0.068480097,0.152330708
1668742240.347379684,1668742241.346793652,1.000,0.088986984,0.290803988
1668742240.947153807,1668742241.945174694,1.000,0.021070677,0.145917584
1668742241.346793652,1668742242.346408606,1.000,0.059169397,0.113078517
1668742241.746624708,1668742242.744742632,1.000,0.038740106,0.218997587
1668742241.945174694,1668742242.946014643,1.000,0.085448614,0.012079840
1668742242.146401644,1668742243.145970583,1.000,0.114945389,0.148718764
1668742242.546232700,1668742243.544263601,1.000,0.099354936,0.165709999
1668742242.744742632,1668742243.744158745,1.000,0.105621769,0.324701088
1668742242.946014643,1668742243.945538759,1.000,0.079250697,0.203021195
1668742243.145970583,1668742244.145486593,1.000,0.113494393,0.201249109
1668742243.544263601,1668742244.543786764,1.000,0.109264308,0.145340415
1668742244.343867779,1668742245.344833612,1.000,0.104484597,0.243528462
1668742246.544010639,1668742247.543499708,1.000,0.061133136,0.072517205
1668742247.543499708,1668742248.542895794,1.000,0.163523792,0.380065612
1668742249.342578650,1668742250.343405724,1.000,0.282257497,0.489515366
1668742249.742301702,1668742250.741847754,1.000,0.202324592,0.375162901
1668742250.343405724,1668742251.341446638,1.000,0.065889663,0.549882889
1668742250.541878700,1668742251.541416645,1.000,0.054782278,0.532616112
1668742250.741847754,1668742251.742615700,1.000,0.059832779,0.566481677
1668742251.541416645,1668742252.542198658,1.000,0.057767161,0.361744214
1668742251.742615700,1668742252.742115736,1.000,0.084020706,0.504107190
1668742252.141161680,1668742253.140541792,1.000,0.064986080,0.375787612
1668742252.542198658,1668742253.541693687,1.000,0.067967092,0.349630317
1668742252.742115736,1668742253.740276814,1.000,0.051166023,0.323278206
1668742252.940695763,1668742253.941494703,1.000,0.067155140,0.251880265
1668742253.341769695,1668742254.341302633,1.000,0.075735158,0.556879310
1668742253.740276814,1668742254.739782810,1.000,0.071214752,0.403862613
1668742253.941494703,1668742254.940980673,1.000,0.093728601,0.349473164
1668742254.341302633,1668742255.339507580,1.000,0.087510569,0.133986109
1668742254.739782810,1668742255.740577698,1.000,0.061073356,0.262149850
1668742255.140860796,1668742256.139012814,1.000,0.080159029,0.417542924
1668742255.740577698,1668742256.740108728,1.000,0.079335494,0.475364224
1668742256.139012814,1668742257.139958620,1.000,0.079668610,0.264002783
1668742256.540151596,1668742257.539682627,1.000,0.084288511,0.347016840
1668742256.740108728,1668742257.738215685,1.000,0.092793765,0.284907264
1668742257.139958620,1668742258.139398813,1.000,0.078569279,0.491317924
1668742257.539682627,1668742258.539208651,1.000,0.077366820,0.252791028
1668742257.738215685,1668742258.739278793,1.000,0.094465012,0.477564902
1668742258.139398813,1668742259.138887644,1.000,0.086455648,0.396776066
1668742258.339358807,1668742259.337522745,1.000,0.084651495,0.387847814
1668742258.539208651,1668742259.538690805,1.000,0.084012695,0.579504570
1668742258.739278793,1668742259.738637686,1.000,0.061228989,0.455567387
1668742258.938961744,1668742259.938470602,1.000,0.066017178,0.353491970
1668742259.337522745,1668742260.338341713,1.000,0.073032151,0.372202468
1668742259.538690805,1668742260.538277626,1.000,0.257730825,0.463500187
1668742259.738637686,1668742260.738108635,1.000,0.317465694,0.409850599
1668742259.938470602,1668742260.936728716,1.000,0.320728590,0.548446773
1668742260.338341713,1668742261.337887764,1.000,0.545191780,0.412170321
1668742260.538277626,1668742261.537734747,1.000,0.427701251,0.853576021
1668742261.137989759,1668742262.137461662,1.000,0.246542132,0.251770979
1668742261.337887764,1668742262.337313652,1.000,0.211131402,0.349373058
1668742261.537734747,1668742262.537232637,1.000,0.160756155,0.774495574
1668742262.137461662,1668742263.137001753,1.000,0.071183904,0.364136907
1668742262.337313652,1668742263.336870670,1.000,0.064557428,0.278980371
1668742262.537232637,1668742263.536801815,1.000,0.081323675,0.276873021
1668742262.737184763,1668742263.736795664,1.000,0.076105727,0.259539391
1668742262.937113762,1668742263.937967777,1.000,0.068213718,0.247874885
1668742263.137001753,1668742264.136633635,1.000,0.067448635,0.253166919
1668742263.336870670,1668742264.336654663,1.000,0.124759465,0.430879485
1668742263.536801815,1668742264.537620783,1.000,0.087577965,0.216199590
1668742263.736795664,1668742264.736385584,1.000,0.084059290,0.137294479
1668742263.937967777,1668742264.936264753,1.000,0.076868181,0.147710851
1668742264.136633635,1668742265.136169672,1.000,0.066729497,0.157007013
1668742264.336654663,1668742265.337256670,1.000,0.054394456,0.224355650
1668742264.537620783,1668742265.537158728,1.000,0.085857359,0.363871209
1668742264.736385584,1668742265.737141609,1.000,0.044606121,0.155438583
1668742264.936264753,1668742265.934327602,1.000,0.039855097,0.251980511
1668742265.136169672,1668742266.134205580,1.000,0.064893889,0.127131564
1668742265.337256670,1668742266.335652590,1.000,0.055398259,0.109813827
1668742265.537158728,1668742266.535581589,1.000,0.050625614,0.261375243
1668742265.737141609,1668742266.734041691,1.000,0.059336278,0.377736233
1668742265.934327602,1668742266.935441732,1.000,0.062779449,0.205073379
1668742266.134205580,1668742267.136489630,1.000,0.049700630,0.273320042
1668742266.335652590,1668742267.335054636,1.000,0.068051930,0.264229857
1668742266.535581589,1668742267.534885645,1.000,0.072335870,0.324894634
1668742266.734041691,1668742267.734795809,1.000,0.102459879,0.371008562
1668742266.935441732,1668742267.934734583,1.000,0.114985515,0.399698245
1668742267.136489630,1668742268.136023760,1.000,0.172814478,0.172797985
1668742267.335054636,1668742268.334539652,1.000,0.239909586,0.175899487
1668742267.934734583,1668742268.935693741,1.000,0.368928817,0.542861378
1668742268.334539652,1668742269.332784653,1.000,0.462098295,0.119117825
1668742269.332784653,1668742270.333659649,1.000,0.238655682,0.791895475
1668742269.533971786,1668742270.534948587,1.000,0.121768066,1.014128812
1668742269.735302687,1668742270.733472586,1.000,0.078449620,1.111581721
1668742270.132520676,1668742271.133384705,1.000,0.069885060,0.734110543
1668742270.333659649,1668742271.334572792,1.000,0.073571779,0.674940164
1668742270.534948587,1668742271.533150673,1.000,0.085080203,0.429743453
1668742270.733472586,1668742271.733045816,1.000,0.085346084,0.396646659
1668742271.133384705,1668742272.132831812,1.000,0.080812781,0.538266479
1668742271.334572792,1668742272.332831621,1.000,0.094792825,0.522992866
1668742271.533150673,1668742272.532712698,1.000,0.094540014,0.691783584
1668742271.733045816,1668742272.732586622,1.000,0.086044634,0.761095350
1668742272.132831812,1668742273.133780718,1.000,0.076978570,0.648615648
1668742272.332831621,1668742273.332369804,1.000,0.073634141,0.669919074
1668742272.532712698,1668742273.532215595,1.000,0.065434642,0.593157275
1668742272.732586622,1668742273.733447790,1.000,0.072068754,0.477886696
1668742275.131507635,1668742276.132490635,1.000,0.073988597,0.511206050
1668742275.731304646,1668742276.730913639,1.000,0.073514977,0.618470162
1668742275.932513714,1668742276.930734634,1.000,0.076297748,0.735049930
1668742276.132490635,1668742277.132061720,1.000,0.069891364,0.599764769
1668742276.332372665,1668742277.331934690,1.000,0.081016426,0.633377199
1668742276.532284737,1668742277.531807661,1.000,0.089133701,0.537649111
1668742276.730913639,1668742277.731812716,1.000,0.148208563,0.537323948
1668742276.930734634,1668742277.931647778,1.000,0.330201881,0.483151218
1668742277.132061720,1668742278.131593704,1.000,0.392409428,0.657249151
1668742277.331934690,1668742278.331493616,1.000,0.470758954,0.403675329
1668742277.531807661,1668742278.530136585,1.000,0.611451060,0.654319042
1668742277.731812716,1668742278.731378794,1.000,0.475381502,1.042751462
1668742278.131593704,1668742279.131255627,1.000,0.313755279,0.234330847
1668742278.331493616,1668742279.331134796,1.000,0.330523764,0.141842781
1668742278.530136585,1668742279.531037807,1.000,0.381078368,0.333595735
1668742278.731378794,1668742279.730941772,1.000,0.371580299,1.098258968
1668742279.131255627,1668742280.129411697,1.000,0.220611144,0.337092932
1668742279.331134796,1668742280.330721617,1.000,0.139415107,0.348638641
1668742279.531037807,1668742280.530542612,1.000,0.095550273,0.252906116
1668742279.730941772,1668742280.729223728,1.000,0.071466422,0.433857444
1668742279.929527760,1668742280.930389643,1.000,0.046209571,0.258243339
1668742280.129411697,1668742281.130296707,1.000,0.055559581,0.173755066
1668742280.530542612,1668742281.530189753,1.000,0.086467937,0.174055256
1668742280.729223728,1668742281.730071783,1.000,0.068696156,0.137548531
1668742280.930389643,1668742281.930031776,1.000,0.116333685,0.205251113
1668742281.130296707,1668742282.129899740,1.000,0.124085758,0.178239025
1668742281.530189753,1668742282.529690742,1.000,0.106133363,0.328401949
1668742281.730071783,1668742282.729632616,1.000,0.090643484,0.297101179
1668742281.930031776,1668742282.929553747,1.000,0.049794678,0.173308441
1668742282.129899740,1668742283.129470587,1.000,0.043856064,0.255951611
1668742282.529690742,1668742283.529380798,1.000,0.049277943,0.258948136
1668742282.929553747,1668742283.929233789,1.000,0.068837727,0.239845104
1668742283.129470587,1668742284.129163742,1.000,0.069971031,0.188614055
1668742283.529380798,1668742284.528972626,1.000,0.117672903,0.225834960
1668742283.929233789,1668742284.928881645,1.000,0.079635327,0.372037472
1668742284.129163742,1668742285.128849745,1.000,0.059898096,0.286221779
1668742284.329067707,1668742285.328811646,1.000,0.044516619,0.386702485
1668742284.528972626,1668742285.528667688,1.000,0.034039576,0.232858605
1668742284.928881645,1668742285.928534746,1.000,0.136824558,0.226064486
1668742285.128849745,1668742286.128433704,1.000,0.215439479,0.316829756
1668742285.528667688,1668742286.528283596,1.000,0.331105186,0.321851741
1668742285.928534746,1668742286.928212643,1.000,0.360087993,0.287482542
1668742286.128433704,1668742287.128208637,1.000,0.331519446,0.250334112
1668742286.528283596,1668742287.527896643,1.000,0.280907860,0.417109610
1668742286.728251696,1668742287.727947712,1.000,0.223192569,0.524498883
1668742286.928212643,1668742287.927634716,1.000,0.220796316,0.189000558
1668742287.128208637,1668742288.127495766,1.000,0.244507846,0.540803284
1668742287.328166723,1668742288.327443600,1.000,0.208769698,0.720047530
1668742287.527896643,1668742288.527396679,1.000,0.200406176,0.788790395
1668742287.727947712,1668742288.727339745,1.000,0.184693749,0.600645918
1668742287.927634716,1668742288.927140713,1.000,0.163756369,0.745001525
1668742288.127495766,1668742289.127048731,1.000,0.148221887,0.708407152
1668742288.327443600,1668742289.328343630,1.000,0.140051769,0.561815466
1668742288.527396679,1668742289.526959658,1.000,0.107233731,0.593850694
1668742288.727339745,1668742289.726862669,1.000,0.092988602,0.630096730
1668742288.927140713,1668742289.926724672,1.000,0.072208591,0.675912045
1668742289.127048731,1668742290.128078699,1.000,0.059552651,0.628995472
1668742289.328343630,1668742290.326678753,1.000,0.084990608,0.597694317
1668742289.526959658,1668742290.526581764,1.000,0.060878599,0.572354541
1668742289.726862669,1668742290.726490736,1.000,0.091860754,0.559413582
1668742289.926724672,1668742290.927759647,1.000,0.094278101,0.500518260
1668742290.128078699,1668742291.127618790,1.000,0.097467282,0.525436953
1668742290.326678753,1668742291.326251745,1.000,0.099305071,0.524835317
1668742290.526581764,1668742291.527468681,1.000,0.101527052,0.343811633
1668742291.127618790,1668742292.125954628,1.000,0.100913781,0.429110091
1668742291.326251745,1668742292.325860739,1.000,0.115928771,0.509614417
1668742291.527468681,1668742292.527103662,1.000,0.103359491,0.522585455
1668742292.527103662,1668742293.525397778,1.000,0.074052151,0.346333206
1668742293.525397778,1668742294.525016785,1.000,0.150968798,0.451517788
1668742293.725275755,1668742294.726273775,1.000,0.282747768,0.414427929
1668742294.325073719,1668742295.324714661,1.000,0.570606111,0.357751592
1668742294.525016785,1668742295.525911808,1.000,0.436566209,1.139943339
1668742294.726273775,1668742295.725918770,1.000,0.385789260,0.717581980
1668742294.926196814,1668742295.924476624,1.000,0.327143760,0.598474398
1668742295.525911808,1668742296.525606632,1.000,0.147017114,1.275652787
1668742295.924476624,1668742296.924071789,1.000,0.100765661,0.658884321
1668742296.924071789,1668742297.925037622,1.000,0.067101433,0.313946191
1668742297.925037622,1668742298.924716711,1.000,0.079343327,0.316614133
1668742298.523514748,1668742299.524458647,1.000,0.039782540,0.264967842
1668742298.924716711,1668742299.923027754,1.000,0.085546110,0.213822267
1668742299.123309612,1668742300.124267817,1.000,0.090639208,0.188645482
1668742299.324569702,1668742300.324227810,1.000,0.082272058,0.061722858
1668742299.524458647,1668742300.524123669,1.000,0.089311971,0.155159591
1668742299.923027754,1668742300.923970699,1.000,0.082160843,0.195269260
1668742300.124267817,1668742301.123894691,1.000,0.077589131,0.211184912
1668742300.324227810,1668742301.322499752,1.000,0.144954627,0.182075691
1668742300.524123669,1668742301.523774624,1.000,0.151267690,0.173842682
1668742300.923970699,1668742301.923649788,1.000,0.285685237,0.308960304
1668742301.123894691,1668742302.123565674,1.000,0.395675335,0.257139537
1668742301.322499752,1668742302.323465586,1.000,0.470676798,0.394971252
1668742302.123565674,1668742303.123164654,1.000,0.425963574,0.360816139
1668742302.323465586,1668742303.323135614,1.000,0.343572322,0.350067140
1668742303.123164654,1668742304.122860670,1.000,0.087228479,0.918560177
1668742303.323135614,1668742304.322738647,1.000,0.091633009,0.697546041
1668742303.523117781,1668742304.522682667,1.000,0.087640535,0.651546434
1668742303.922953606,1668742304.922601700,1.000,0.084956599,0.611296571
1668742304.122860670,1668742305.122495651,1.000,0.079881496,0.570620009
1668742304.322738647,1668742305.322425604,1.000,0.077937053,0.706126935
1668742304.522682667,1668742305.522408724,1.000,0.068863814,0.589977726
1668742304.722612619,1668742305.722347736,1.000,0.076854869,0.600166782
1668742304.922601700,1668742305.922273636,1.000,0.071131637,0.362510532
1668742305.122495651,1668742306.122185707,1.000,0.076696564,0.480962418
1668742305.322425604,1668742306.322232723,1.000,0.081143020,0.499634411
1668742305.522408724,1668742306.522212744,1.000,0.074776869,0.525684203
1668742305.722347736,1668742306.722069740,1.000,0.069748303,0.558550547
1668742305.922273636,1668742306.922042608,1.000,0.074233661,0.654802751
1668742306.122185707,1668742307.121912718,1.000,0.077736993,0.559898423
1668742306.322232723,1668742307.321941614,1.000,0.074001693,0.480773143
1668742306.522212744,1668742307.521831751,1.000,0.096094335,0.700522643
1668742306.722069740,1668742307.721762657,1.000,0.225667574,0.727260250
1668742306.922042608,1668742307.921739817,1.000,0.334242684,0.671024421
1668742307.121912718,1668742308.121704817,1.000,0.420453367,0.537614841
1668742307.321941614,1668742308.321636677,1.000,0.513130462,0.653785008
1668742307.521831751,1668742308.522685766,1.000,0.535390190,0.450912575
1668742307.721762657,1668742308.721532583,1.000,0.424420227,0.660306590
1668742307.921739817,1668742308.921249628,1.000,0.304553565,0.120273692
1668742308.121704817,1668742309.121129751,1.000,0.195654487,0.244137009
1668742308.321636677,1668742309.322361708,1.000,0.116406337,0.069723677
1668742308.522685766,1668742309.522360802,1.000,0.049615450,0.225211660
1668742308.721532583,1668742309.720881701,1.000,0.011655513,0.733075614
1668742308.921249628,1668742309.920806646,1.000,0.014860676,0.294794473
1668742309.121129751,1668742310.122167587,1.000,0.012277053,0.176872760
1668742309.322361708,1668742310.322022676,1.000,0.018996107,0.101735932
1668742309.522360802,1668742310.520620584,1.000,0.019273725,0.062450222
1668742309.720881701,1668742310.720580816,1.000,0.010253366,0.026421211
1668742309.920806646,1668742310.921866655,1.000,0.011167215,0.018412296
1668742310.122167587,1668742311.121755600,1.000,0.015402108,0.016820006
1668742310.322022676,1668742311.320411682,1.000,0.011496447,0.005479134
1668742310.520620584,1668742311.520306587,1.000,0.002888205,0.020782332
1668742310.720580816,1668742311.721589804,1.000,0.006859146,0.030679434
1668742310.921866655,1668742311.921596766,1.000,0.004568160,0.028498942
1668742311.121755600,1668742312.120148659,1.000,0.004716765,0.023019175
1668742311.320411682,1668742312.320108652,1.000,0.010605786,0.021523576
1668742311.520306587,1668742312.521404743,1.000,0.002318938,0.009158998
1668742170.358657598,1668742175.360229731,5.000,0.020686723,0.149930409
1668742170.559936762,1668742175.560219765,5.000,0.018264755,0.155870876
1668742170.760025740,1668742175.760231733,5.000,0.018568937,0.150795574
1668742170.958621740,1668742175.959006786,5.000,0.014665181,0.154686550
1668742171.360039711,1668742176.360270739,5.000,0.008264132,0.155378415
1668742171.758674622,1668742176.760242701,5.000,0.006630345,0.155716371
1668742172.558800697,1668742177.560363770,5.000,0.014217268,0.154484962
1668742172.960126638,1668742177.960397720,5.000,0.015038634,0.161961815
1668742173.160077810,1668742178.160373688,5.000,0.014622602,0.164309197
1668742173.358816624,1668742178.360345602,5.000,0.014018408,0.165531126
1668742173.558819771,1668742178.560409784,5.000,0.012847727,0.171417331
1668742173.960267782,1668742178.960489750,5.000,0.013552168,0.168370147
1668742174.158826590,1668742179.160400629,5.000,0.012038055,0.170687135
1668742174.358832598,1668742179.360432625,5.000,0.009106387,0.171322820
1668742174.960220814,1668742179.960558653,5.000,0.006011693,0.167992791
1668742175.360229731,1668742180.360593796,5.000,0.013387052,0.165156962
1668742175.560219765,1668742180.560642719,5.000,0.017048915,0.167994191
1668742175.760231733,1668742180.760619640,5.000,0.020127555,0.165377621
1668742176.360270739,1668742181.361882687,5.000,0.016233135,0.161009209
1668742177.560363770,1668742182.560912609,5.000,0.010622913,0.160876183
1668742177.960397720,1668742182.960823774,5.000,0.009227674,0.154506103
1668742178.160373688,1668742183.162002802,5.000,0.007913666,0.151636210
1668742178.360345602,1668742183.360689640,5.000,0.006122165,0.153242248
1668742178.560409784,1668742183.560700655,5.000,0.007562178,0.148249369
1668742180.360593796,1668742185.360784769,5.000,0.021229427,0.150833612
1668742180.560642719,1668742185.562146664,5.000,0.026694740,0.147455250
1668742181.361882687,1668742186.362163782,5.000,0.021060858,0.162798650
1668742182.960823774,1668742187.962275743,5.000,0.017069172,0.169626254
1668742185.360784769,1668742190.362410784,5.000,0.082780495,0.178967754
1668742185.960825682,1668742190.962396622,5.000,0.102153065,0.172828864
1668742186.160888672,1668742191.162428617,5.000,0.139932192,0.155489820
1668742186.362163782,1668742191.361122608,5.000,0.180164581,0.154119720
1668742187.360959768,1668742192.362490654,5.000,0.222033669,0.422450300
1668742187.962275743,1668742192.962577581,5.000,0.287625574,0.320348541
1668742188.960972786,1668742193.961215734,5.000,0.358649208,0.736952882
1668742189.360996723,1668742194.362599611,5.000,0.416916019,1.044986191
1668742190.162425756,1668742195.162653685,5.000,0.469182521,1.233859035
1668742190.761024714,1668742195.762651682,5.000,0.473175207,1.679808315
1668742190.962396622,1668742195.962695599,5.000,0.482244930,1.750374325
1668742191.361122608,1668742196.362687588,5.000,0.448705456,1.645604796
1668742191.561144590,1668742196.561395645,5.000,0.431362425,1.710376753
1668742192.362490654,1668742197.361413717,5.000,0.469484649,1.868544837
1668742192.561151743,1668742197.562761784,5.000,0.475195264,1.969564788
1668742192.962577581,1668742197.961507797,5.000,0.460866990,2.335391923
1668742193.762577772,1668742198.762804747,5.000,0.398878399,2.614436933
1668742193.961215734,1668742198.961499691,5.000,0.400689051,2.549086140
1668742194.161251783,1668742199.162829638,5.000,0.403100184,2.460663130
1668742194.362599611,1668742199.362829685,5.000,0.443866301,2.377750500
1668742194.562540770,1668742199.562814713,5.000,0.489531974,2.377283798
1668742194.961291790,1668742199.962885618,5.000,0.592928368,3.068720847
1668742195.162653685,1668742200.164253712,5.000,0.640320134,3.083171436
1668742195.962695599,1668742200.963074684,5.000,0.594186965,4.202962108
1668742196.362687588,1668742201.363023758,5.000,0.572809130,5.211650179
1668742196.561395645,1668742201.563090801,5.000,0.560553069,5.536998382
1668742196.762694597,1668742201.763071775,5.000,0.568441726,5.576728380
1668742197.162783623,1668742202.161637783,5.000,0.566856583,5.773619691
1668742197.562761784,1668742202.563174725,5.000,0.539205839,5.511250174
1668742198.161493778,1668742203.161775589,5.000,0.530923484,5.569180635
1668742198.762804747,1668742203.761773586,5.000,0.493831467,5.145767959
1668742199.162829638,1668742204.163402796,5.000,0.385402978,4.744116652
1668742199.362829685,1668742204.363080740,5.000,0.354854161,4.723836183
1668742199.762903690,1668742204.761771679,5.000,0.387122406,4.007139968
1668742199.962885618,1668742204.963135719,5.000,0.426991549,3.775502095
1668742200.164253712,1668742205.163176775,5.000,0.446590883,4.046891061
1668742200.963074684,1668742205.964571714,5.000,0.350481824,2.192992118
1668742201.563090801,1668742206.564573765,5.000,0.291021466,0.728113048
1668742201.964343786,1668742206.963251591,5.000,0.272354652,0.314231354
1668742202.161637783,1668742207.163280725,5.000,0.277699295,0.186154472
1668742202.763220787,1668742207.763335705,5.000,0.296993800,0.530033693
1668742203.364382744,1668742208.363360643,5.000,0.287976214,0.376506823
1668742203.761773586,1668742208.764818668,5.000,0.310631731,0.755068467
1668742204.163402796,1668742209.163415670,5.000,0.305293634,0.700154344
1668742204.363080740,1668742209.364733696,5.000,0.292072446,0.695345113
1668742204.761771679,1668742209.763417721,5.000,0.311533929,0.461989228
1668742204.963135719,1668742209.963475704,5.000,0.348446288,0.485069158
1668742205.561867714,1668742210.564744711,5.000,0.368432579,0.780364568
1668742205.764535666,1668742210.763304710,5.000,0.373352773,0.881113749
1668742205.964571714,1668742210.963172674,5.000,0.385187656,0.733905286
1668742207.763335705,1668742212.763324738,5.000,0.473520586,0.569284819
1668742207.964622736,1668742212.961761713,5.000,0.516429805,0.705251808
1668742208.363360643,1668742213.362826586,5.000,0.494660980,1.064580799
1668742208.764818668,1668742213.762562752,5.000,0.490305923,0.807204774
1668742208.964682579,1668742213.962407589,5.000,0.514801717,0.833327280
1668742209.163415670,1668742214.162270784,5.000,0.501526901,0.834336899
1668742209.364733696,1668742214.362175703,5.000,0.475270798,1.025707644
1668742209.564782619,1668742214.562071800,5.000,0.446274981,1.185384823
1668742209.763417721,1668742214.761876583,5.000,0.389449121,1.154937277
1668742209.963475704,1668742214.961780787,5.000,0.367268495,1.286079020
1668742210.364758730,1668742215.361465693,5.000,0.357954874,1.415160940
1668742210.763304710,1668742215.761206627,5.000,0.386798873,1.467479648
1668742210.963172674,1668742215.961052656,5.000,0.412003687,1.412959201
1668742211.164427757,1668742216.160972595,5.000,0.394191703,1.489051359
1668742211.364182711,1668742216.360791683,5.000,0.387616997,1.613704659
1668742211.762607813,1668742216.760604620,5.000,0.440054333,1.423833669
1668742212.362232685,1668742217.360127687,5.000,0.366956440,1.738853622
1668742212.563375711,1668742217.559975624,5.000,0.384358995,1.780259335
1668742212.763324738,1668742217.759831667,5.000,0.382259689,1.765826441
1668742212.961761713,1668742217.959712744,5.000,0.374149021,2.049371854
1668742213.362826586,1668742218.359480619,5.000,0.365379017,1.707205384
1668742213.762562752,1668742218.757847786,5.000,0.392197562,1.842873743
1668742213.962407589,1668742218.957720757,5.000,0.413804101,1.673696278
1668742214.162270784,1668742219.157597780,5.000,0.393818883,1.913789502
1668742214.362175703,1668742219.358768702,5.000,0.384842641,1.780714809
1668742214.562071800,1668742219.557336807,5.000,0.487903026,1.757228694
1668742214.961780787,1668742219.957081795,5.000,0.386460481,1.858560676
1668742215.161714792,1668742220.158305645,5.000,0.457680590,1.947202900
1668742215.361465693,1668742220.358134747,5.000,0.527063406,2.273808036
1668742215.961052656,1668742220.957809687,5.000,0.581397136,1.073620592
1668742216.160972595,1668742221.157645702,5.000,0.577220602,0.844463582
1668742216.760604620,1668742221.757311583,5.000,0.631580204,0.388102123
1668742216.960448742,1668742221.957153797,5.000,0.530864069,0.272264030
1668742217.160277605,1668742222.157118797,5.000,0.544199935,0.267991152
1668742217.360127687,1668742222.355533600,5.000,0.553293652,0.403411767
1668742217.559975624,1668742222.556864738,5.000,0.552022258,0.524764613
1668742217.759831667,1668742222.756711721,5.000,0.543299546,0.533852964
1668742217.959712744,1668742222.956604719,5.000,0.526668234,1.158726265
1668742218.159585714,1668742223.156492710,5.000,0.501805482,0.797235082
1668742218.359480619,1668742223.356377602,5.000,0.488810605,0.829175758
1668742218.757847786,1668742223.756167650,5.000,0.551222199,1.246629228
1668742218.957720757,1668742223.956056595,5.000,0.612850933,1.115201591
1668742219.358768702,1668742224.355824709,5.000,0.392529133,1.672370054
1668742219.957081795,1668742224.955495596,5.000,0.309855246,2.032938744
1668742220.158305645,1668742225.153734684,5.000,0.318732119,2.263934842
1668742220.556731701,1668742225.556155682,5.000,0.334324251,2.563882225
1668742221.157645702,1668742226.155799627,5.000,0.294077183,1.350661456
1668742221.957153797,1668742226.953959703,5.000,0.314543049,1.495543840
1668742222.157118797,1668742227.153889656,5.000,0.392864993,1.351804055
1668742222.556864738,1668742227.553552628,5.000,0.294975321,1.360291749
1668742222.756711721,1668742227.754883766,5.000,0.305028697,1.338125202
1668742222.956604719,1668742227.954680681,5.000,0.302393442,1.407947602
1668742223.156492710,1668742228.153308630,5.000,0.302442102,1.518069717
1668742223.356377602,1668742228.351822615,5.000,0.246937407,1.494321828
1668742223.556293726,1668742228.552988768,5.000,0.263314010,1.346830469
1668742223.756167650,1668742228.752838612,5.000,0.262581045,1.183325108
1668742224.355824709,1668742229.352498770,5.000,0.297728663,1.415140695
1668742225.153734684,1668742230.153317690,5.000,0.426985694,1.246414556
1668742225.754706621,1668742230.753038645,5.000,0.530413466,1.047750909
1668742226.155799627,1668742231.151416779,5.000,0.553623408,1.905645006
1668742226.355664730,1668742231.351283789,5.000,0.573972855,1.400956970
1668742226.554245710,1668742231.552514791,5.000,0.601245366,1.617929421
1668742226.953959703,1668742231.950896740,5.000,0.643802287,1.731975893
1668742227.153889656,1668742232.150790691,5.000,0.644862020,2.010487680
1668742227.754883766,1668742232.750488758,5.000,0.598866660,2.158762326
1668742227.954680681,1668742232.950285673,5.000,0.610758537,2.098891309
1668742228.153308630,1668742233.151521683,5.000,0.631797003,2.165965616
1668742228.351822615,1668742233.351403713,5.000,0.605943808,2.464485750
1668742228.552988768,1668742233.549954653,5.000,0.596097551,2.636445755
1668742228.752838612,1668742233.751190662,5.000,0.586073953,2.545176283
1668742229.152598619,1668742234.150980711,5.000,0.607982351,2.510989678
1668742229.352498770,1668742234.349521637,5.000,0.598883927,2.559836861
1668742230.153317690,1668742235.149078608,5.000,0.560023205,2.796810061
1668742230.952826738,1668742235.948625803,5.000,0.354797223,3.399865906
1668742231.151416779,1668742236.149787664,5.000,0.373079462,3.359813841
1668742231.552514791,1668742236.549549580,5.000,0.367730518,3.184207397
1668742231.752386808,1668742236.748119593,5.000,0.366527671,3.175857042
1668742231.950896740,1668742236.949290752,5.000,0.351338326,3.037895884
1668742232.150790691,1668742237.149323702,5.000,0.356731934,2.990856616
1668742233.351403713,1668742238.348513603,5.000,0.350847660,3.132319818
1668742233.549954653,1668742238.548408747,5.000,0.364035232,3.148153752
1668742234.150980711,1668742239.148023605,5.000,0.486373282,3.093362825
1668742234.349521637,1668742239.347917795,5.000,0.506745371,3.054934414
1668742234.750614643,1668742239.747710705,5.000,0.558491022,2.927603624
1668742235.149078608,1668742240.147475719,5.000,0.573053139,3.018835720
1668742235.948625803,1668742240.947153807,5.000,0.505471451,2.401757704
1668742236.748119593,1668742241.746624708,5.000,0.536099161,1.486827881
1668742236.949290752,1668742241.945174694,5.000,0.535321741,1.585897646
1668742237.149323702,1668742242.146401644,5.000,0.550140254,1.390786528
1668742238.548408747,1668742243.544263601,5.000,0.394701289,0.410053298
1668742239.148023605,1668742244.145486593,5.000,0.325761993,0.150123934
1668742239.347917795,1668742244.343867779,5.000,0.270805262,0.042477933
1668742240.347379684,1668742245.344833612,5.000,0.301962741,0.471619226
1668742241.945174694,1668742246.943771601,5.000,0.338383956,0.685729113
1668742242.346408606,1668742247.344859600,5.000,0.349123016,0.600154511
1668742242.546232700,1668742247.543499708,5.000,0.358215565,0.570321039
1668742242.744742632,1668742247.743429661,5.000,0.392528912,0.836996872
1668742243.145970583,1668742248.144441605,5.000,0.313942253,0.821397558
1668742243.544263601,1668742248.542895794,5.000,0.315772091,0.708781609
1668742243.945538759,1668742248.942794800,5.000,0.327042674,0.673426441
1668742244.343867779,1668742249.342578650,5.000,0.366411140,0.856231926
1668742245.344833612,1668742250.343405724,5.000,0.444558562,0.759089018
1668742245.744655609,1668742250.741847754,5.000,0.470094839,0.563261570
1668742246.544010639,1668742251.541416645,5.000,0.465771582,1.031017186
1668742247.543499708,1668742252.542198658,5.000,0.449268788,1.366948019
1668742247.743429661,1668742252.742115736,5.000,0.475867618,1.426999893
1668742248.144441605,1668742253.140541792,5.000,0.426497596,1.314549930
1668742248.542895794,1668742253.541693687,5.000,0.482362263,1.343516629
1668742248.942794800,1668742253.941494703,5.000,0.407355748,1.397719160
1668742249.342578650,1668742254.341302633,5.000,0.385655564,1.638226117
1668742249.742301702,1668742254.739782810,5.000,0.368600202,2.060777789
1668742250.343405724,1668742255.339507580,5.000,0.302998187,1.855004918
1668742250.741847754,1668742255.740577698,5.000,0.283749014,1.939571492
1668742251.541416645,1668742256.540151596,5.000,0.327946060,1.789286321
1668742251.742615700,1668742256.740108728,5.000,0.323884684,1.843699084
1668742252.141161680,1668742257.139958620,5.000,0.334396871,1.615467101
1668742252.542198658,1668742257.539682627,5.000,0.353291564,1.737434345
1668742252.742115736,1668742257.738215685,5.000,0.333373746,1.645286788
1668742253.140541792,1668742258.139398813,5.000,0.373796179,1.720409649
1668742253.341769695,1668742258.339358807,5.000,0.364822874,1.876456605
1668742253.541693687,1668742258.539208651,5.000,0.358612949,1.626648796
1668742253.740276814,1668742258.739278793,5.000,0.378908807,1.762843067
1668742253.941494703,1668742258.938961744,5.000,0.384308799,1.835589612
1668742254.341302633,1668742259.337522745,5.000,0.371937330,1.706062428
1668742254.739782810,1668742259.738637686,5.000,0.368306632,1.820334245
1668742254.940980673,1668742259.938470602,5.000,0.374655841,1.822484179
1668742255.339507580,1668742260.338341713,5.000,0.359324388,1.903506175
1668742255.740577698,1668742260.738108635,5.000,0.335808527,1.987775595
1668742256.139012814,1668742261.137989759,5.000,0.290481918,1.849780220
1668742256.540151596,1668742261.537734747,5.000,0.500772987,1.850797790
1668742257.139958620,1668742262.137461662,5.000,0.442863166,1.410027138
1668742257.539682627,1668742262.537232637,5.000,0.511363444,1.198017746
1668742257.738215685,1668742262.737184763,5.000,0.489539688,1.065814541
1668742258.139398813,1668742263.137001753,5.000,0.469319273,0.610408259
1668742258.339358807,1668742263.336870670,5.000,0.498460900,0.631464938
1668742258.539208651,1668742263.536801815,5.000,0.497687941,0.778236899
1668742258.739278793,1668742263.736795664,5.000,0.509481518,0.365459191
1668742258.938961744,1668742263.937967777,5.000,0.508953430,0.241866628
1668742259.138887644,1668742264.136633635,5.000,0.486315927,0.329939798
1668742259.337522745,1668742264.336654663,5.000,0.479548943,0.411950427
1668742259.538690805,1668742264.537620783,5.000,0.504939633,0.306985983
1668742259.738637686,1668742264.736385584,5.000,0.481425506,0.201587504
1668742259.938470602,1668742264.936264753,5.000,0.500978626,0.267420501
1668742260.338341713,1668742265.337256670,5.000,0.495565841,0.712675658
1668742260.538277626,1668742265.537158728,5.000,0.418771901,0.754388852
1668742260.738108635,1668742265.737141609,5.000,0.382198002,0.714673719
1668742260.936728716,1668742265.934327602,5.000,0.312762692,0.990692862
1668742261.137989759,1668742266.134205580,5.000,0.305491702,0.988062147
1668742261.337887764,1668742266.335652590,5.000,0.354044503,1.191591384
1668742261.537734747,1668742266.535581589,5.000,0.403421881,1.315324966
1668742262.137461662,1668742267.136489630,5.000,0.296067515,1.034548788
1668742262.337313652,1668742267.335054636,5.000,0.349947039,1.077523058
1668742262.537232637,1668742267.534885645,5.000,0.366215355,1.250849938
1668742262.737184763,1668742267.734795809,5.000,0.359968133,1.232310882
1668742262.937113762,1668742267.934734583,5.000,0.344811827,0.858894282
1668742263.137001753,1668742268.136023760,5.000,0.377032632,0.793766432
1668742263.336870670,1668742268.334539652,5.000,0.451997091,1.014689254
1668742263.937967777,1668742268.935693741,5.000,0.457639455,1.019310421
1668742264.336654663,1668742269.332784653,5.000,0.516203900,0.710759285
1668742264.537620783,1668742269.533971786,5.000,0.564010889,0.965926877
1668742264.736385584,1668742269.735302687,5.000,0.596576236,1.229273361
1668742265.136169672,1668742270.132520676,5.000,0.630425870,1.213443662
1668742265.337256670,1668742270.333659649,5.000,0.634225114,1.244354646
1668742265.537158728,1668742270.534948587,5.000,0.632876245,1.571623305
1668742265.737141609,1668742270.733472586,5.000,0.604419618,1.694756696
1668742266.134205580,1668742271.133384705,5.000,0.636126827,1.621967861
1668742266.335652590,1668742271.334572792,5.000,0.654050896,1.711400678
1668742266.535581589,1668742271.533150673,5.000,0.678602537,1.721575924
1668742266.734041691,1668742271.733045816,5.000,0.658459132,1.745057124
1668742266.935441732,1668742271.932930708,5.000,0.651473092,1.907734937
1668742267.136489630,1668742272.132831812,5.000,0.650233902,1.969570534
1668742267.335054636,1668742272.332831621,5.000,0.659516409,2.041797085
1668742267.534885645,1668742272.532712698,5.000,0.669107746,2.168917633
1668742267.734795809,1668742272.732586622,5.000,0.665466412,2.195482540
1668742268.136023760,1668742273.133780718,5.000,0.657786310,2.468288895
1668742268.334539652,1668742273.332369804,5.000,0.690098969,2.555946176
1668742268.935693741,1668742273.933390617,5.000,0.561425512,2.556586485
1668742270.132520676,1668742275.131507635,5.000,0.386416512,2.957117018
1668742270.733472586,1668742275.731304646,5.000,0.376849295,2.743474082
1668742271.133384705,1668742276.132490635,5.000,0.393124585,2.813603045
1668742271.334572792,1668742276.332372665,5.000,0.384460055,2.891797916
1668742271.533150673,1668742276.532284737,5.000,0.383056517,2.890735715
1668742271.733045816,1668742276.730913639,5.000,0.376079835,2.964978020
1668742271.932930708,1668742276.930734634,5.000,0.382677194,3.023166382
1668742272.132831812,1668742277.132061720,5.000,0.375454230,2.857850267
1668742272.332831621,1668742277.331934690,5.000,0.370278258,3.009574957
1668742272.532712698,1668742277.531807661,5.000,0.363252403,2.784746594
1668742272.732586622,1668742277.731812716,5.000,0.352492972,2.778485652
1668742273.133780718,1668742278.131593704,5.000,0.511911311,2.838736834
1668742273.332369804,1668742278.331493616,5.000,0.583346313,2.769817599
1668742273.532215595,1668742278.530136585,5.000,0.622529220,2.845561697
1668742273.733447790,1668742278.731378794,5.000,0.625646658,2.968696367
1668742275.131507635,1668742280.129411697,5.000,0.606496910,1.689517629
1668742275.731304646,1668742280.729223728,5.000,0.596246490,1.400820511
1668742275.932513714,1668742280.930389643,5.000,0.642482833,1.239284746
1668742276.132490635,1668742281.130296707,5.000,0.620714924,1.081475371
1668742276.532284737,1668742281.530189753,5.000,0.560910326,0.639007922
1668742276.730913639,1668742281.730071783,5.000,0.574579278,0.657250545
1668742276.930734634,1668742281.930031776,5.000,0.553373592,0.316209414
1668742277.132061720,1668742282.129899740,5.000,0.540324140,0.354921149
1668742277.531807661,1668742282.529690742,5.000,0.567224769,0.310673539
1668742277.731812716,1668742282.729632616,5.000,0.458427293,0.275278247
1668742277.931647778,1668742282.929553747,5.000,0.430919336,0.355318336
1668742278.131593704,1668742283.129470587,5.000,0.472536822,0.577992716
1668742278.530136585,1668742283.529380798,5.000,0.531514919,1.113097423
1668742279.131255627,1668742284.129163742,5.000,0.380720293,0.968116410
1668742279.331134796,1668742284.329067707,5.000,0.352501422,1.056508667
1668742279.531037807,1668742284.528972626,5.000,0.399588031,1.147050358
1668742279.730941772,1668742284.728877783,5.000,0.369936861,1.404592308
1668742279.929527760,1668742284.928881645,5.000,0.331073780,1.196256208
1668742280.129411697,1668742285.128849745,5.000,0.319303518,0.956361521
1668742280.330721617,1668742285.328811646,5.000,0.296278963,0.896667635
1668742280.530542612,1668742285.528667688,5.000,0.310280709,0.987289281
1668742280.930389643,1668742285.928534746,5.000,0.395536318,1.067362310
1668742281.130296707,1668742286.128433704,5.000,0.421109276,1.064424768
1668742281.530189753,1668742286.528283596,5.000,0.438668664,1.046267011
1668742281.730071783,1668742286.728251696,5.000,0.448038718,1.194091957
1668742281.930031776,1668742286.928212643,5.000,0.484134890,0.981300400
1668742282.129899740,1668742287.128208637,5.000,0.520511869,0.747667018
1668742282.529690742,1668742287.527896643,5.000,0.508297562,0.411553639
1668742282.729632616,1668742287.727947712,5.000,0.521956655,0.700105217
1668742282.929553747,1668742287.927634716,5.000,0.514648914,0.742679298
1668742283.129470587,1668742288.127495766,5.000,0.521198345,1.025070642
1668742283.529380798,1668742288.527396679,5.000,0.569993991,0.965558602
1668742283.929233789,1668742288.927140713,5.000,0.569507002,1.193999143
1668742284.129163742,1668742289.127048731,5.000,0.557084065,1.337787583
1668742284.329067707,1668742289.328343630,5.000,0.578257110,1.394718649
1668742284.528972626,1668742289.526959658,5.000,0.613195784,1.413338354
1668742284.728877783,1668742289.726862669,5.000,0.615146134,1.350769453
1668742284.928881645,1668742289.926724672,5.000,0.581776830,1.482042563
1668742285.128849745,1668742290.128078699,5.000,0.573625400,1.675523792
1668742285.328811646,1668742290.326678753,5.000,0.597312712,1.757276367
1668742285.528667688,1668742290.526581764,5.000,0.581844343,1.791488947
1668742285.928534746,1668742290.927759647,5.000,0.559734600,1.810919597
1668742286.128433704,1668742291.127618790,5.000,0.552100601,1.947743032
1668742286.528283596,1668742291.527468681,5.000,0.549388541,1.990106092
1668742287.128208637,1668742292.125954628,5.000,0.456758384,2.518209828
1668742287.328166723,1668742292.325860739,5.000,0.435431307,2.675096192
1668742287.527896643,1668742292.527103662,5.000,0.425581698,2.718955245
1668742287.927634716,1668742292.925601721,5.000,0.393860669,2.630611826
1668742288.527396679,1668742293.525397778,5.000,0.357157912,2.302158559
1668742288.727339745,1668742293.725275755,5.000,0.365085819,2.354415239
1668742289.127048731,1668742294.126549721,5.000,0.363262661,2.438740688
1668742289.328343630,1668742294.325073719,5.000,0.345021898,2.435000848
1668742289.526959658,1668742294.525016785,5.000,0.368629852,2.163677042
1668742289.726862669,1668742294.726273775,5.000,0.432961211,2.140581969
1668742289.926724672,1668742294.926196814,5.000,0.427561310,2.093166705
1668742290.326678753,1668742295.324714661,5.000,0.547407018,2.036410044
1668742290.526581764,1668742295.525911808,5.000,0.541575056,1.964233891
1668742290.726490736,1668742295.725918770,5.000,0.554182472,2.086696082
1668742290.927759647,1668742295.924476624,5.000,0.548082294,1.539783190
1668742291.527468681,1668742296.525606632,5.000,0.566020984,0.838207469
1668742292.125954628,1668742297.125354767,5.000,0.490558120,0.752857296
1668742292.325860739,1668742297.325308800,5.000,0.534191588,0.412129174
1668742292.925601721,1668742297.925037622,5.000,0.532196934,0.133593807
1668742293.525397778,1668742298.523514748,5.000,0.536633567,0.277081658
1668742293.725275755,1668742298.724763632,5.000,0.529421714,0.605854392
1668742294.126549721,1668742299.123309612,5.000,0.564800034,0.739048746
1668742294.325073719,1668742299.324569702,5.000,0.579397902,1.024560946
1668742294.525016785,1668742299.524458647,5.000,0.475023600,0.956687080
1668742294.926196814,1668742299.923027754,5.000,0.449243569,1.239528434
1668742295.324714661,1668742300.324227810,5.000,0.385924167,1.235908957
1668742295.525911808,1668742300.524123669,5.000,0.393229940,1.685761094
1668742295.725918770,1668742300.724048615,5.000,0.404928407,2.011528642
1668742295.924476624,1668742300.923970699,5.000,0.397665091,1.430764707
1668742296.525606632,1668742301.523774624,5.000,0.402240835,0.749914902
1668742296.924071789,1668742301.923649788,5.000,0.354425966,1.230423943
1668742297.125354767,1668742302.123565674,5.000,0.369664851,1.125865715
1668742297.325308800,1668742302.323465586,5.000,0.421397875,1.132245145
1668742298.523514748,1668742303.523117781,5.000,0.659323339,1.517404330
1668742298.924716711,1668742303.922953606,5.000,0.653010790,1.468126136
1668742299.123309612,1668742304.122860670,5.000,0.622051773,1.719063981
1668742299.324569702,1668742304.322738647,5.000,0.592820400,1.506601662
1668742299.524458647,1668742304.522682667,5.000,0.619535320,1.628338591
1668742299.923027754,1668742304.922601700,5.000,0.668012388,1.881223793
1668742300.124267817,1668742305.122495651,5.000,0.643052349,2.102456414
1668742300.324227810,1668742305.322425604,5.000,0.610619227,2.181487425
1668742300.524123669,1668742305.522408724,5.000,0.640837913,2.153106245
1668742300.724048615,1668742305.722347736,5.000,0.691473756,1.896314812
1668742300.923970699,1668742305.922273636,5.000,0.699361465,2.044975509
1668742301.123894691,1668742306.122185707,5.000,0.690188991,2.398993704
1668742301.322499752,1668742306.322232723,5.000,0.694184086,2.481399212
1668742301.523774624,1668742306.522212744,5.000,0.696301725,2.501845772
1668742301.923649788,1668742306.922042608,5.000,0.552306171,2.374321694
1668742302.123565674,1668742307.121912718,5.000,0.444063915,2.705819496
1668742302.323465586,1668742307.321941614,5.000,0.417957036,2.572092437
1668742302.723319769,1668742307.721762657,5.000,0.330325690,3.046967783
1668742303.123164654,1668742308.121704817,5.000,0.522560504,2.949936809
1668742303.323135614,1668742308.321636677,5.000,0.600710354,2.933816912
1668742303.523117781,1668742308.522685766,5.000,0.685154295,2.809773308
1668742303.922953606,1668742308.921249628,5.000,0.716704647,2.347514938
1668742304.122860670,1668742309.121129751,5.000,0.696423781,2.220518052
1668742304.322738647,1668742309.322361708,5.000,0.685238501,2.221602577
1668742304.522682667,1668742309.522360802,5.000,0.691855236,2.092351966
1668742304.722612619,1668742309.720881701,5.000,0.704581461,1.915326309
1668742304.922601700,1668742309.920806646,5.000,0.678944965,1.616057829
1668742305.122495651,1668742310.122167587,5.000,0.656275154,1.529000062
1668742305.322425604,1668742310.322022676,5.000,0.650059888,1.461057487
1668742305.522408724,1668742310.520620584,5.000,0.649239067,1.452546796
1668742305.722347736,1668742310.720580816,5.000,0.668420742,1.298625786
1668742305.922273636,1668742310.921866655,5.000,0.663507970,1.255037176
1668742306.122185707,1668742311.121755600,5.000,0.654803196,1.047692723
1668742306.322232723,1668742311.320411682,5.000,0.650126407,0.963596884
1668742306.522212744,1668742311.520306587,5.000,0.653252189,0.954173613
1668742306.722069740,1668742311.721589804,5.000,0.655236069,0.774230082
1668742306.922042608,1668742311.921596766,5.000,0.631834114,0.677832992
1668742307.121912718,1668742312.120148659,5.000,0.614562434,0.511577855
1668742307.321941614,1668742312.320108652,5.000,0.625117148,0.507041465
1668742307.521831751,1668742312.521404743,5.000,0.574442909,0.293808987
