start_timestamp,matched_end_timestamp,delta_s,translation_error_m,rotation_error_deg
1668742193.866954088,1668742194.999753952,1.000,0.012933213,0.543484012
1668742197.865134954,1668742198.931320906,1.000,0.008131589,0.773718160
1668742199.131234884,1668742200.264076948,1.000,0.026392608,1.278562798
1668742199.397768021,1668742200.264076948,1.000,0.025945716,1.119433332
1668742201.930010080,1668742203.062855005,1.000,0.011930155,0.454266808
1668742203.262761116,1668742204.395598888,1.000,0.006048140,0.356621252
1668742203.529278994,1668742204.395598888,1.000,0.003798734,0.268909125
1668742203.795862913,1668742204.928720951,1.000,0.007303403,0.178151122
1668742204.395598888,1668742205.461805105,1.000,0.017945041,0.109581820
1668742204.928720951,1668742205.994924068,1.000,0.010437164,0.325268936
1668742205.195272923,1668742206.261464119,1.000,0.007749197,0.442946201
1668742205.461805105,1668742206.527973890,1.000,0.007293362,0.260390859
1668742205.728363037,1668742206.794553995,1.000,0.009272361,0.222975210
1668742205.994924068,1668742207.127748966,1.000,0.011905747,0.301078555
1668742206.261464119,1668742207.394282103,1.000,0.012319818,0.267885895
1668742206.527973890,1668742207.661535978,1.000,0.009164812,0.539611563
1668742206.794553995,1668742207.661535978,1.000,0.007843213,0.585232064
1668742207.127748966,1668742207.997112036,1.000,0.005590762,0.516309122
1668742207.661535978,1668742208.601454020,1.000,0.005767524,0.197355445
1668742207.997112036,1668742208.868350029,1.000,0.010309962,0.488938650
1668742208.868350029,1668742209.935930014,1.000,0.010504067,0.118504750
1668742209.268696070,1668742210.269541025,1.000,0.008842407,0.308878183
1668742209.935930014,1668742211.070209980,1.000,0.021890158,0.307544975
1668742210.269541025,1668742211.403820992,1.000,0.021778099,0.444300027
1668742211.070209980,1668742211.937601089,1.000,0.007041892,0.429389339
1668742211.670711040,1668742212.604825974,1.000,0.009070448,0.348386773
1668742213.405493021,1668742214.272725105,1.000,0.019505771,0.394170309
1668742213.805775881,1668742214.672944069,1.000,0.022236563,0.581489161
1668742214.672944069,1668742215.539937973,1.000,0.010241591,0.695290928
1668742215.073101997,1668742216.206819057,1.000,0.009932361,0.710313036
1668742218.140396118,1668742219.207024097,1.000,0.008209811,1.453727991
1668742218.673722982,1668742219.740302086,1.000,0.008154303,0.533642611
1668742219.207024097,1668742220.340234995,1.000,0.020383459,1.832297340
1668742236.741197109,1668742237.674705029,1.000,0.010739659,0.789515878
1668742262.147627115,1668742263.214540958,1.000,0.007117650,0.463980270
1668742266.615544081,1668742267.615988016,1.000,0.005725772,0.528062033
1668742278.422441006,1668742279.488023043,1.000,0.013767895,0.374168874
1668742278.955231905,1668742280.020879984,1.000,0.019580647,0.727687263
1668742279.488023043,1668742280.553785086,1.000,0.015814100,0.366515848
1668742281.353099108,1668742282.485337973,1.000,0.015922632,0.617636488
1668742285.149665117,1668742286.151745081,1.000,0.018293366,0.614808014
1668742285.682250023,1668742286.621727943,1.000,0.012862892,0.485983222
1668742286.151745081,1668742287.089333057,1.000,0.013373309,0.694129854
1668742291.357673883,1668742292.358042002,1.000,0.015498650,0.746654294
1668742293.158391953,1668742294.025458097,1.000,0.017169678,0.548015167
1668742297.026654959,1668742297.893635035,1.000,0.014034710,0.381608490
1668742297.893635035,1668742298.760598898,1.000,0.015489387,0.517408158
1668742308.431334019,1668742309.298362017,1.000,0.016770358,0.036020026
1668742193.866954088,1668742198.931320906,5.000,0.026737841,3.468461127
1668742195.133023024,1668742200.264076948,5.000,0.042531604,3.221888722
1668742195.332916021,1668742200.264076948,5.000,0.042780503,3.121817293
1668742198.931320906,1668742203.795862913,5.000,0.027524630,4.995248191
1668742199.397768021,1668742204.395598888,5.000,0.035029738,4.582834686
1668742200.264076948,1668742205.195272923,5.000,0.052753352,4.100324535
1668742201.530143023,1668742206.527973890,5.000,0.038142333,1.390584417
1668742201.730082989,1668742206.794553995,5.000,0.027169588,0.822513631
1668742201.930010080,1668742206.794553995,5.000,0.022460189,0.477943513
1668742203.062855005,1668742207.997112036,5.000,0.011026689,0.863809978
1668742203.529278994,1668742208.601454020,5.000,0.004720503,1.098714537
1668742203.795862913,1668742208.868350029,5.000,0.005847931,1.316490821
1668742204.395598888,1668742209.268696070,5.000,0.008827926,1.336469287
1668742204.928720951,1668742209.935930014,5.000,0.018217614,1.186424745
1668742205.195272923,1668742210.269541025,5.000,0.023010136,1.158386976
1668742205.994924068,1668742211.070209980,5.000,0.039792254,1.353282307
1668742206.261464119,1668742211.403820992,5.000,0.040493461,1.178635540
1668742206.527973890,1668742211.403820992,5.000,0.037588195,1.295144181
1668742206.794553995,1668742211.670711040,5.000,0.034782347,1.553293556
1668742207.127748966,1668742212.204490900,5.000,0.027112344,1.788691890
1668742207.661535978,1668742212.604825974,5.000,0.022641141,1.405021275
1668742208.868350029,1668742213.805775881,5.000,0.022035373,1.679455415
1668742209.268696070,1668742214.272725105,5.000,0.020028959,1.671708669
1668742209.935930014,1668742215.073101997,5.000,0.015106490,2.245339601
1668742211.070209980,1668742216.206819057,5.000,0.033431413,2.729361953
1668742213.805775881,1668742218.673722982,5.000,0.022794435,3.018133488
1668742214.272725105,1668742219.207024097,5.000,0.008815072,3.181557073
1668742214.672944069,1668742219.740302086,5.000,0.023226016,3.123960014
1668742252.214328051,1668742257.142952919,5.000,0.050549352,2.484152826
1668742257.142952919,1668742262.147627115,5.000,0.037383253,2.066545647
1668742276.823817968,1668742281.885926962,5.000,0.008608698,0.168285489
1668742279.488023043,1668742284.416955948,5.000,0.029428880,1.409619865
1668742280.020879984,1668742285.149665117,5.000,0.030865485,1.321402692
1668742280.553785086,1668742285.682250023,5.000,0.012873336,1.558712762
1668742285.682250023,1668742290.624099970,5.000,0.017055330,2.059009926
1668742291.357673883,1668742296.226356983,5.000,0.023327854,1.701128614
1668742302.695544004,1668742307.764398098,5.000,0.024273462,4.067880058
